11484,AZCAPOTZALCO,AMPL COSMOPOLITA,1211
11376,AZCAPOTZALCO,BARRIO SANTO TOMAS,3368
11489,AZCAPOTZALCO,AMPL DEL GAS,978
11459,AZCAPOTZALCO,SAN PEDRO XALPA,2697
11457,AZCAPOTZALCO,SAN MIGUEL AMANTLA,10775
11419,AZCAPOTZALCO,SANTA CATARINA,2902
11427,AZCAPOTZALCO,SAN JUAN TLIHUACA,10908
11377,AZCAPOTZALCO,SAN MARCOS,6262
11380,AZCAPOTZALCO,LIBERTAD,2608
11462,AZCAPOTZALCO,SAN BARTOLO,6156
11417,AZCAPOTZALCO,BARRIO SAN ANDRES,7072
11411,AZCAPOTZALCO,PASTEROS,8846
11435,AZCAPOTZALCO,LA PROVIDENCIA,7274
11426,AZCAPOTZALCO,LAS SALINAS,906
11454,AZCAPOTZALCO,EUZKADI,4428
11424,AZCAPOTZALCO,SANTA CRUZ DE LAS SALINAS,355
11422,AZCAPOTZALCO,SAN ANDRES DE LAS SALINAS,241
11420,AZCAPOTZALCO,INDUSTRIAL VALLEJO,418
11479,AZCAPOTZALCO,TLATILCO,3377
11473,AZCAPOTZALCO,NUEVA SANTA MARIA,10770
11480,AZCAPOTZALCO,UNIDAD HAB TLATILCO,4189
11476,AZCAPOTZALCO,IGNACIO ALLENDE,3351
11388,AZCAPOTZALCO,CLAVERIA,8821
11391,AZCAPOTZALCO,ANGEL ZIMBRON,4546
11451,AZCAPOTZALCO,COLTONGO,2905
11475,AZCAPOTZALCO,HOGAR Y SEGURIDAD,1498
11474,AZCAPOTZALCO,VICTORIA DE LAS DEMOCRACIAS,1981
11490,AZCAPOTZALCO,EL ARENAL,5620
11487,AZCAPOTZALCO,DEL GAS,4552
11455,AZCAPOTZALCO,COSMOPOLITA,3072
11482,AZCAPOTZALCO,AGUILERA,2014
11386,AZCAPOTZALCO,EL RECREO,7264
11483,AZCAPOTZALCO,ALDANA,4110
11491,AZCAPOTZALCO,PATRIMONIO FAMILIAR,1153
11485,AZCAPOTZALCO,LIBERACION,2450
11488,AZCAPOTZALCO,SAN FRANCISCO XOCOTITLA,1770
11477,AZCAPOTZALCO,SAN BERNABE,2275
11390,AZCAPOTZALCO,SAN ALVARO,5971
11478,AZCAPOTZALCO,OBRERO POPULAR,4853
12491,MIGUEL HIDALGO,ANGEL ZIMBRON,2864
11481,AZCAPOTZALCO,SAN SALVADOR XOCHIMANCA,1032
11456,AZCAPOTZALCO,POTRERO DEL LLANO,1323
11450,AZCAPOTZALCO,PRO HOGAR,6217
11461,AZCAPOTZALCO,AMPL SAN PEDRO XALPA,16778
11464,AZCAPOTZALCO,SAN ANTONIO,2242
11463,AZCAPOTZALCO,NUEVA AMPL PETROLERA SECC 35,2605
11465,AZCAPOTZALCO,CAMPO ENCANTADO,669
11470,AZCAPOTZALCO,SANTA CRUZ ACAYUCAN,1885
11467,AZCAPOTZALCO,SANTIAGO AHUIZOTLA,8824
11469,AZCAPOTZALCO,SANTA LUCIA,693
11441,AZCAPOTZALCO,PETROLERA,3071
11458,AZCAPOTZALCO,SANTA MARIA AMANTLA,4025
11394,AZCAPOTZALCO,INFONAVIT EL ROSARIO,25114
11392,AZCAPOTZALCO,EL ROSARIO CROC VI OYAMELES,334
11409,AZCAPOTZALCO,TIERRA NUEVA,3169
11399,AZCAPOTZALCO,SAN PABLO XALPA,5093
11406,AZCAPOTZALCO,NUEVA AMPL EL ROSARIO,4374
11407,AZCAPOTZALCO,NUEVA EL ROSARIO,208
11397,AZCAPOTZALCO,MANUEL RIVERA ANAYA CROC I,1941
11434,AZCAPOTZALCO,PRESIDENTE MADERO,4929
11431,AZCAPOTZALCO,UNIDAD HAB FRANCISCO VILLA,2828
11433,AZCAPOTZALCO,HACIENDA DEL ROSARIO,2286
11439,AZCAPOTZALCO,LA PRECIOSA,3750
11442,AZCAPOTZALCO,SAN MATEO,2652
11466,AZCAPOTZALCO,SAN FRANCISCO TETECALA,896
11438,AZCAPOTZALCO,TEZOZOMOC,9424
11440,AZCAPOTZALCO,AMPL PETROLERA,1491
11471,AZCAPOTZALCO,PLENITUD,3385
11437,AZCAPOTZALCO,UNIDAD HAB MIGUEL HIDALGO,2830
11403,AZCAPOTZALCO,XOCHINAHUAC,6935
11393,AZCAPOTZALCO,HIPODROMO TEXTIL,957
11400,AZCAPOTZALCO,UNIDAD ECOLOGICA NOVEDADES IMPACTO,368
11446,AZCAPOTZALCO,ESTACION PANTACO,2063
11384,AZCAPOTZALCO,SINDICATO MEXICANO DE ELECTRICISTAS,1812
11383,AZCAPOTZALCO,BENITO JUAREZ,1379
11381,AZCAPOTZALCO,SANTA MARIA MANINALCO,8327
11445,AZCAPOTZALCO,BARRIO JAGUEY,1136
11412,AZCAPOTZALCO,SANTO DOMINGO,4892
11444,AZCAPOTZALCO,UNIDAD HAB PANTACO,564
11418,AZCAPOTZALCO,SAN ANDRES,6493
11492,AZCAPOTZALCO,LA RAZA,1741
11449,AZCAPOTZALCO,AMPL PRO HOGAR,6269
11423,AZCAPOTZALCO,HUAUTLA DE LAS SALINAS,166
11453,AZCAPOTZALCO,TRABAJADORES DEL HIERRO,4355
11452,AZCAPOTZALCO,MONTE ALTO,1119
12489,MIGUEL HIDALGO,POPOTLA,16699
11443,AZCAPOTZALCO,UNIDAD HAB CUITLAHUAC,6320
11414,AZCAPOTZALCO,VILLA AZCAPOTZALCO,3175
11379,AZCAPOTZALCO,DEL MAESTRO,916
11402,AZCAPOTZALCO,SAN MARTIN XOCHINAHUAC,2945
11405,AZCAPOTZALCO,UNIDAD HAB SAN PABLO XALPA,12
11486,AZCAPOTZALCO,EL PORVENIR,2582
11472,AZCAPOTZALCO,BARRIO SANTA APOLONIA,4375
11389,AZCAPOTZALCO,LOTERIA NACIONAL,2558
11385,AZCAPOTZALCO,BARRIO NEXTENGO,2388
11416,AZCAPOTZALCO,SANTA BARBARA,9630
11398,AZCAPOTZALCO,UNIDAD HAB MANUEL RIVERA ANAYA,238
11374,AZCAPOTZALCO,BARRIO LOS REYES,3437
11375,AZCAPOTZALCO,NUEVO SAN RAFAEL,3227
11415,AZCAPOTZALCO,REYNOSA TAMAULIPAS,6114
11378,AZCAPOTZALCO,BARRIO SAN SEBASTIAN,2221
11413,AZCAPOTZALCO,BARRIO SAN SIMON,988
11373,AZCAPOTZALCO,SAN RAFAEL,2465
11387,AZCAPOTZALCO,SECTOR NAVAL,363
11410,AZCAPOTZALCO,SANTA INES,3231
11408,AZCAPOTZALCO,NUEVA ESPA헤,3307
11448,AZCAPOTZALCO,HOGARES FERROCARRILEROS,1514
11430,AZCAPOTZALCO,PEMEX PRADOS DEL ROSARIO,2706
11429,AZCAPOTZALCO,PRADOS DEL ROSARIO,2618
11432,AZCAPOTZALCO,AZCAPOTZALCO 2000,846
11460,AZCAPOTZALCO,ISSSFAM SEDENA LAS ARMAS,2140
11395,AZCAPOTZALCO,EL ROSARIO CRCO VIII,173
11401,AZCAPOTZALCO,CULTURAS UNIVERSALES,327
11468,AZCAPOTZALCO,INDUSTRIAL SAN ANTONIO,14
11447,AZCAPOTZALCO,JARDIN AZPEITIA,1516
11428,AZCAPOTZALCO,ROSENDO SALAZAR,345
11436,AZCAPOTZALCO,LAS TRANCAS,747
11421,AZCAPOTZALCO,FERRERIA,1619
11382,AZCAPOTZALCO,UN HOGAR PARA CADA TRABAJADOR,1011
11425,AZCAPOTZALCO,JARDINES DE CAYLAN,537
11604,COYOAC쳁,PEDREGAL DE COYOACAN,2499
11609,COYOAC쳁,ROSEDAL,1681
11608,COYOAC쳁,RINCONADA COYOACAN,480
11605,COYOAC쳁,PUEBLO DE LOS REYES,8093
11612,COYOAC쳁,BARRIO DEL NI헲 JESUS,414
11591,COYOAC쳁,CUADRANTE SAN FRANCISCO,2270
11606,COYOAC쳁,REAL DE LOS REYES 77,298
11607,COYOAC쳁,REAL DE LOS REYES 87,210
11594,COYOAC쳁,TECUALIAPAN,128
11592,COYOAC쳁,FRACC MANUEL ROMERO DE TERREROS,1366
11556,COYOAC쳁,BARRIO SAN LUCAS,4897
11554,COYOAC쳁,LA CONCEPCION,359
11553,COYOAC쳁,BARRIO LA CONCEPCION,244
11559,COYOAC쳁,DEL CARMEN,8774
11550,COYOAC쳁,COYOACAN CENTRO,693
11551,COYOAC쳁,VILLA COYOACAN,5527
11561,COYOAC쳁,CORINA 117,710
11552,COYOAC쳁,BARRIO DE SANTA CATARINA,854
11562,COYOAC쳁,UNIDAD HAB VIVEROS DE COYOACAN,426
11630,COYOAC쳁,SANTO DOMINGO,10732
11629,COYOAC쳁,PEDREGAL DE SANTO DOMINGO,81511
11640,COYOAC쳁,AJUSCO HUAYAMILPAS,3133
11637,COYOAC쳁,PUEBLO LA CANDELARIA,5152
11634,COYOAC쳁,CIUDAD JARDIN,2341
11642,COYOAC쳁,EDUCACION,5969
11650,COYOAC쳁,PRESIDENTES EJIDALES,3465
11649,COYOAC쳁,AMPL SAN FRANCISCO CULHUACAN,5766
11648,COYOAC쳁,AVANTE,9570
11647,COYOAC쳁,EL CENTINELA,1881
11576,COYOAC쳁,QUETZACOATL,1612
11653,COYOAC쳁,INFONAVIT CULHUACAN ZONA 2,2052
11645,COYOAC쳁,EJIDO CULHUACAN,1251
11646,COYOAC쳁,UNIDAD HAB OBRERO CTM CULHUACAN 5,6834
11652,COYOAC쳁,INFONAVIT CULHUACAN ZONA 1,1009
11673,COYOAC쳁,ADOLFO RUIZ CORTINES,13523
11581,COYOAC쳁,PEDREGAL MONSERRAT,4014
11656,COYOAC쳁,UNIDAD HAB OBRERO CTM CULHUACAN 6,16235
11662,COYOAC쳁,UNIDAD HAB PILOTO CULHUACAN,3144
11658,COYOAC쳁,CANAL NACIONAL 260,2402
11660,COYOAC쳁,UNID OBRERO CTM CULHUACAN SECC 7,8086
11670,COYOAC쳁,SAN PABLO TEPETLAPA,4597
11641,COYOAC쳁,DIAZ ORDAZ,2908
11674,COYOAC쳁,EL RELOJ,3331
11582,COYOAC쳁,AMPL LA CANDELARIA,1232
11732,COYOAC쳁,MIRADOR,2712
11722,COYOAC쳁,LOS GIRASOLES III,3482
11610,COYOAC쳁,UNIDAD HAB DEL PACIFICO,1270
11661,COYOAC쳁,UNID OBRERO CTM CULHUACAN SECC 7A,3216
11701,COYOAC쳁,CONJ HAB ALIANZA POP REVOLUCIONARIA04800,13627
11700,COYOAC쳁,CEDROS,1313
11724,COYOAC쳁,LOS GIRASOLES II,1583
11721,COYOAC쳁,UNIDAD HAB EMILIANO ZAPATA,6011
11577,COYOAC쳁,UNIDAD HAB SANTA MARTHA DEL SUR,2750
11570,COYOAC쳁,PRADO CHURUBUSCO,10469
11668,COYOAC쳁,PEDREGAL SANTA URSULA,40699
11681,COYOAC쳁,FRACC JOYAS DEL PEDREGAL,1535
11697,COYOAC쳁,MODULO SOCIAL IMAN,6733
11706,COYOAC쳁,EL VERGEL DE COYOACAN (INFONAVIT EL HUESO),688
11677,COYOAC쳁,SANTA URSULA COAPA,10616
11575,COYOAC쳁,SAN FRANCISCO CULHUACAN,17228
11695,COYOAC쳁,CANTIL DEL PEDREGAL,508
11644,COYOAC쳁,PETROLERA TAXQUE헤,901
11599,COYOAC쳁,CONJUNTO MARIANA,187
11611,COYOAC쳁,UNIDAD HAB ROSEDAL,1373
11699,COYOAC쳁,EX EJIDO SAN PABLO TEPETLAPA,64
11734,COYOAC쳁,HACIENDA DE COYOACAN,1918
11730,COYOAC쳁,UNID OBRERO CTM CULHUACAN SECC 10,5788
11728,COYOAC쳁,SANTA CECILIA,2928
11725,COYOAC쳁,FRACC LAS CAMPANAS,699
11726,COYOAC쳁,LAS CAMPANAS,173
11729,COYOAC쳁,FRACC CAMPESTRE COYOACAN,1537
11723,COYOAC쳁,LOS GIRASOLES I,1087
11713,COYOAC쳁,LAS CABA헤S,1205
11712,COYOAC쳁,EL PARQUE DE COYOACAN,1816
11710,COYOAC쳁,FRACC LOS OLIVOS,826
11711,COYOAC쳁,LOS JARDINES DE COYOACAN,1986
11566,COYOAC쳁,CAMPESTRE,1023
11643,COYOAC쳁,MULTIFAMILIAR TLALPAN,1154
11603,COYOAC쳁,PACIFICO 350,278
11567,COYOAC쳁,CAMPESTRE CHURUBUSCO,11262
11558,COYOAC쳁,PARQUE SAN ANDRES,5150
11720,COYOAC쳁,FRACC RES CAFETALES,1806
11719,COYOAC쳁,CARMEN SERDAN,8198
11654,COYOAC쳁,INFONAVIT CULHUACAN ZONA 3,1864
11659,COYOAC쳁,CROC CULHUACAN SECC 6 (CTM VI CULHUACAN),2567
11657,COYOAC쳁,UNIDAD HAB SAN FRANCISCO CULHUACAN,2628
11583,COYOAC쳁,CANDELARIA COYOACAN,2203
11574,COYOAC쳁,MAGDALENA CULHUACAN,8668
11573,COYOAC쳁,TAXQUE헤,673
11572,COYOAC쳁,PASEOS DE TAXQUE헤,13532
11715,COYOAC쳁,UNID OBRERO CTM CULHUACAN SECC 8,9461
11714,COYOAC쳁,UNIDAD HAB CULHUACAN STUNAM,3136
11716,COYOAC쳁,UNIDAD HAB OBRERO CTM CULHUACAN 9,8306
11717,COYOAC쳁,CANAL NACIONAL,1862
11639,COYOAC쳁,NUEVA DIAZ ORDAZ,1602
11579,COYOAC쳁,AJUSCO,32334
11682,COYOAC쳁,PEDREGAL DE LA ZORRA,1572
11733,COYOAC쳁,FRACC VILLA QUIETUD,3317
11718,COYOAC쳁,CTM IXA CULHUACAN,3313
11727,COYOAC쳁,CAFETALES II,1618
11596,COYOAC쳁,CLUB DE TENIS COYOACAN,1109
11626,COYOAC쳁,CIUDAD UNIVERSITARIA,3214
11578,COYOAC쳁,UNIDAD HAB TAXQUE헤,928
11598,COYOAC쳁,RINCONADA DE LOS REYES,1263
11694,COYOAC쳁,BOSQUES DE TETLALMEYA,922
11702,COYOAC쳁,LOS PRADOS DE COYOACAN,2513
11731,COYOAC쳁,FRACC LOS SAUCES,951
11669,COYOAC쳁,XOTEPINGO,1949
11569,COYOAC쳁,COUNTRY CLUB,2965
11709,COYOAC쳁,ESPARTACO,4232
11705,COYOAC쳁,LOS CIPRESES,1394
11680,COYOAC쳁,EJIDO SANTA URSULA COAPA,1653
11708,COYOAC쳁,BARRIO SAN LUCAS,564
11707,COYOAC쳁,LOS ROBLES,385
11735,COYOAC쳁,VIEJO EJIDO SANTA URSULA COAPA,7959
11675,COYOAC쳁,LOS FRESNOS,301
11696,COYOAC쳁,MEDIA LUNA,637
11698,COYOAC쳁,EL CARACOL,2447
11655,COYOAC쳁,LA VIRGEN 1170,1212
11651,COYOAC쳁,EX EJIDO SAN FRANCISCO CULHUACAN,75
11571,COYOAC쳁,FRACC HERMOSILLO,1595
11683,COYOAC쳁,DEL PEDREGAL,278
11703,COYOAC쳁,EMILIANO ZAPATA,1582
11704,COYOAC쳁,FRACC LOS CIRUELOS,344
11678,COYOAC쳁,TEXTITLAN 222,295
11563,COYOAC쳁,SAN MATEO,1486
11565,COYOAC쳁,SAN DIEGO CHURUBUSCO,1706
11564,COYOAC쳁,CHURUBUSCO,1584
11633,COYOAC쳁,ATLANTIDA,792
11684,COYOAC쳁,INFONAVIT,810
11691,COYOAC쳁,OLIMPICA,836
11624,COYOAC쳁,COPILCO UNIVERSIDAD,729
11693,COYOAC쳁,RINCONADA LAS PLAYAS INFONAVIT,3542
11623,COYOAC쳁,COPILCO EL ALTO,3624
11685,COYOAC쳁,PANTEON MAUSELEOS DEL ANGEL,417
11692,COYOAC쳁,PEDREGAL DEL MAUREL,1598
11689,COYOAC쳁,CENTRO URBANO,437
11690,COYOAC쳁,CONJUNTO HAB PEDREGAL DE CARRASCO,6419
11584,COYOAC쳁,ROMERO DE TERREROS,3484
11625,COYOAC쳁,FRACC COPILCO UNIVERSIDAD,526
11560,COYOAC쳁,AMPL DEL CARMEN,17
11635,COYOAC쳁,ROSARIO,521
11622,COYOAC쳁,CONDS PARA EMPLEADOS FEDERALES,727
11621,COYOAC쳁,COPILCO 300,980
11619,COYOAC쳁,UNIDAD HAB INT LATINOAMERICANA,1741
11615,COYOAC쳁,UNIDAD HAB COPILCO UNIVERSIDAD,2928
11585,COYOAC쳁,UNIDAD HAB MONTE DE PIEDAD,1009
11593,COYOAC쳁,FRACC PEDREGAL DE SAN FRANCISCO,5633
11586,COYOAC쳁,OXTOPULCO UNIVERSIDAD,480
11617,COYOAC쳁,COPILCO UNIVERSIDAD ISSSTE,2118
11627,COYOAC쳁,CONJUNTO COPILCO UNIVERSIDAD,102
11614,COYOAC쳁,INSURGENTES SAN ANGEL,831
11632,COYOAC쳁,LA CANTERA,1581
11664,COYOAC쳁,AMPL INSURGENTES CUICUILCO,1141
11663,COYOAC쳁,JARDINES DEL PEDREGAL DE SAN ANGEL,1354
11666,COYOAC쳁,TORRES DE MAUREL,1169
11665,COYOAC쳁,FRACC INSURGENTES CUICUILCO,1564
11688,COYOAC쳁,VISTAS DEL MAUREL,1549
11686,COYOAC쳁,SANTA URSULA,579
11687,COYOAC쳁,UNIDAD HAB VILLA PANAMERICANA,545
11595,COYOAC쳁,BARRIO CUADRANTE DE SAN FRANCISCO,2851
11597,COYOAC쳁,VILLA DE SAN FRANCISCO,43
11587,COYOAC쳁,BARRIO OXTOPULCO,133
11618,COYOAC쳁,UNIDAD HAB COPILCO,83
11620,COYOAC쳁,ALTILLO UNIVERSIDAD,2107
11616,COYOAC쳁,COPILCO EL BAJO,960
11589,COYOAC쳁,FORTIN CHIMALISTAC,1263
11590,COYOAC쳁,TORRES DE CHIMALISTAC,541
11613,COYOAC쳁,CONJUNTO AMADOR SANCHEZ (ZAPATA),27
11601,COYOAC쳁,LAS TORRES USCOVI,120
11600,COYOAC쳁,COPILCO III,22
11588,COYOAC쳁,FOVISSSTE OXTOPULCO,438
11667,COYOAC쳁,CONJUNTO BUENAVISTA,374
11247,첿VARO OBREG흁,SANTA LUCIA REACOMODO,1282
11790,CUAJIMALPA DE MORELOS,SAN MATEO TLALTENANGO,15332
11759,CUAJIMALPA DE MORELOS,GIRALTA,1128
11779,CUAJIMALPA DE MORELOS,CENTRO COMERCIAL SANTA FE,3107
11752,CUAJIMALPA DE MORELOS,COOPERATIVA PALO ALTO,2875
11754,CUAJIMALPA DE MORELOS,CUMBRES REFORMA,7874
11746,CUAJIMALPA DE MORELOS,LOMAS DE VISTA HERMOSA,8364
11750,CUAJIMALPA DE MORELOS,FRACC CLUB DE GOLF BOSQUES,1953
11751,CUAJIMALPA DE MORELOS,LA NAVIDAD,8700
11758,CUAJIMALPA DE MORELOS,LOMAS DEL CHAMIZAL 1RA SECC,2513
11757,CUAJIMALPA DE MORELOS,BOSQUES DE REFORMA,392
11755,CUAJIMALPA DE MORELOS,LOMAS DEL CHAMIZAL 2DA SECC,1482
11756,CUAJIMALPA DE MORELOS,LOMAS DEL CHAMIZAL 4TA SECC,1065
11748,CUAJIMALPA DE MORELOS,RES VISTAHERMOSA,250
11745,CUAJIMALPA DE MORELOS,LA PUNTADA,34
11753,CUAJIMALPA DE MORELOS,BOSQUES DE LAS LOMAS,1930
12530,MIGUEL HIDALGO,BOSQUES DE LAS LOMAS,9552
11773,CUAJIMALPA DE MORELOS,LA ROSITA,877
11766,CUAJIMALPA DE MORELOS,JARDINES DE LA PALMA(HUIZACHITO),2556
11749,CUAJIMALPA DE MORELOS,VISTA HERMOSA,406
11768,CUAJIMALPA DE MORELOS,AMADO NERVO,1503
11782,CUAJIMALPA DE MORELOS,LAS TINAJAS,2963
11737,CUAJIMALPA DE MORELOS,CUAJIMALPA,15830
11783,CUAJIMALPA DE MORELOS,LOMAS EL OCOTE,799
11787,CUAJIMALPA DE MORELOS,EL CONTADERO,3403
11777,CUAJIMALPA DE MORELOS,LOMAS DE MEMETLA,1886
11784,CUAJIMALPA DE MORELOS,LOMAS DE SAN PEDRO,350
11781,CUAJIMALPA DE MORELOS,LOCAXCO,1029
11789,CUAJIMALPA DE MORELOS,ABDIAS GARCIA SOTO,1770
11794,CUAJIMALPA DE MORELOS,DESIERTO DE LOS LEONES,7221
11740,CUAJIMALPA DE MORELOS,LOMAS DEL PADRE,7934
11795,CUAJIMALPA DE MORELOS,VALLE DE LAS MONJAS,1070
11743,CUAJIMALPA DE MORELOS,SAN PABLO CHIMALPA,8929
11739,CUAJIMALPA DE MORELOS,ZENTLAPATL,3920
11788,CUAJIMALPA DE MORELOS,PUEBLO LA VENTA,422
11769,CUAJIMALPA DE MORELOS,MANZANASTITLA,3420
11742,CUAJIMALPA DE MORELOS,AHUATENCO,860
11359,첿VARO OBREG흁,SANTA ROSA XOCHIAC,8346
11762,CUAJIMALPA DE MORELOS,SAN JOSE DE LOS CEDROS,3313
11763,CUAJIMALPA DE MORELOS,TEPETONGO,3012
11786,CUAJIMALPA DE MORELOS,ZONA RUSTICA,1873
11761,CUAJIMALPA DE MORELOS,COLORINES,446
11771,CUAJIMALPA DE MORELOS,LA CAMPI헤,870
11767,CUAJIMALPA DE MORELOS,JESUS DEL MONTE,8037
11764,CUAJIMALPA DE MORELOS,EL EBANO,2535
11765,CUAJIMALPA DE MORELOS,BARRIO EL MOLINO,2877
11213,첿VARO OBREG흁,FRACC PASEO DE LAS LOMAS,122
11778,CUAJIMALPA DE MORELOS,MEMETLA,1237
11736,CUAJIMALPA DE MORELOS,LA MANZANITA,3677
11770,CUAJIMALPA DE MORELOS,ADOLFO LOPEZ MATEOS,1423
11741,CUAJIMALPA DE MORELOS,SAN PEDRO,623
11760,CUAJIMALPA DE MORELOS,SAN JOSE DE LOS CEDROS 2DA SECC,2526
11774,CUAJIMALPA DE MORELOS,ROBLE VIEJO,334
11744,CUAJIMALPA DE MORELOS,JOSE MARIA CASTORENA,1750
11738,CUAJIMALPA DE MORELOS,LA CANDELARIA,1280
11775,CUAJIMALPA DE MORELOS,EL MOLINITO,454
11780,CUAJIMALPA DE MORELOS,TLAXALA,0
11776,CUAJIMALPA DE MORELOS,EL YAQUI,84
11785,CUAJIMALPA DE MORELOS,SAN LORENZO ACOPILCO,7199
11791,CUAJIMALPA DE MORELOS,CRUZ BLANCA,2885
11798,CUAJIMALPA DE MORELOS,LAS LAJAS,2265
11797,CUAJIMALPA DE MORELOS,LA PILA,4391
11793,CUAJIMALPA DE MORELOS,XALPA,2720
11792,CUAJIMALPA DE MORELOS,LAS MAROMAS,1113
11796,CUAJIMALPA DE MORELOS,COLA DE PATO,1183
11915,GUSTAVO A MADERO,EL ARBOLILLO CTM,8148
11922,GUSTAVO A MADERO,JORGE NEGRETE,5832
11998,GUSTAVO A MADERO,PROGRESO NACIONAL,15253
12003,GUSTAVO A MADERO,GUADALUPE PROLETARIA,6977
11914,GUSTAVO A MADERO,AIDEE SOLIS CARDENAS,840
11910,GUSTAVO A MADERO,MATIAS ROMERO ZONA NORTE,277
11911,GUSTAVO A MADERO,MATIAS ROMERO ZONA SUR,212
11916,GUSTAVO A MADERO,ACUEDUCTO DE GUADALUPE,11026
11920,GUSTAVO A MADERO,SEDENA,837
11919,GUSTAVO A MADERO,MOSAIQUERA,1228
11923,GUSTAVO A MADERO,LA PASTORA,12551
12019,GUSTAVO A MADERO,UNIDAD LINDAVISTA VALLEJO,11040
11907,GUSTAVO A MADERO,BENITO JUAREZ,7457
11869,GUSTAVO A MADERO,ARBOLEDAS DE CUAUTEPEC EL ALTO,6567
11854,GUSTAVO A MADERO,SAN MIGUEL CUAUTEPEC EL ALTO,2337
11862,GUSTAVO A MADERO,COMPOSITORES MEXICANOS,11231
11864,GUSTAVO A MADERO,LA FORESTAL,9382
11871,GUSTAVO A MADERO,JUVENTINO ROSAS,1471
11863,GUSTAVO A MADERO,EL TEPETATAL,1089
11926,GUSTAVO A MADERO,LA CANDELARIA TICOMAN,10710
11872,GUSTAVO A MADERO,LA CASILDA,7703
11874,GUSTAVO A MADERO,TLACAELEL,3840
11887,GUSTAVO A MADERO,CUAUTEPEC DEL CARMEN,5942
11891,GUSTAVO A MADERO,CUAUTEPEC DE MADERO,9578
11897,GUSTAVO A MADERO,CASTILLO GRANDE,3413
11898,GUSTAVO A MADERO,CASTILLO EL GRANDE,2752
11908,GUSTAVO A MADERO,AMPL BENITO JUAREZ,888
11899,GUSTAVO A MADERO,ZONA ESCOLAR,16940
11904,GUSTAVO A MADERO,EL ARBOLILLO 2,4939
11902,GUSTAVO A MADERO,TABLAS DE SANTA TERESA,306
12002,GUSTAVO A MADERO,AMPL PROGRESO NACIONAL,5991
11877,GUSTAVO A MADERO,LUIS DONALDO COLOSIO MURRIETA,5376
11895,GUSTAVO A MADERO,CHALMA DE GUADALUPE,34506
11857,GUSTAVO A MADERO,SAN ANTONIO,4289
12020,GUSTAVO A MADERO,CHURUBUSCO TEPEYAC,2800
11865,GUSTAVO A MADERO,LA FORESTAL 2,1741
11858,GUSTAVO A MADERO,LOMAS DE CUAUTEPEC,10108
11868,GUSTAVO A MADERO,AMPL ARBOLEDAS DE CUAUTEPEC EL ALTO,1608
11860,GUSTAVO A MADERO,MALACATES,5543
11884,GUSTAVO A MADERO,TLALPEXCO,12790
11856,GUSTAVO A MADERO,CUATEPEC EL BAJO,3932
11929,GUSTAVO A MADERO,LA ESCALERA,4616
11930,GUSTAVO A MADERO,LA PURISIMA TICOMAN,2976
11909,GUSTAVO A MADERO,SOLIDARIDAD NACIONAL,2606
11880,GUSTAVO A MADERO,COCOYOTES,6338
11879,GUSTAVO A MADERO,PALMATITLA,5113
11881,GUSTAVO A MADERO,GRAL FELIPE BERRIOZABAL,6447
11903,GUSTAVO A MADERO,EL ARBOLILLO,4213
11873,GUSTAVO A MADERO,LOMA DE LA PALMA,8925
12007,GUSTAVO A MADERO,NUEVA INDUSTRIAL VALLEJO NORTE,474
12022,GUSTAVO A MADERO,U. PROF. ADOLFO LOPEZ MATEOS,0
11955,GUSTAVO A MADERO,CAPULTITLAN,3671
11886,GUSTAVO A MADERO,VALLE DE MADERO,3739
11941,GUSTAVO A MADERO,SAN JOSE TICOMAN,3718
12027,GUSTAVO A MADERO,MAGDALENA DE LAS SALINAS,3179
11870,GUSTAVO A MADERO,PARQUE DEL METROPOLITANO,2971
12034,GUSTAVO A MADERO,INDUSTRIAL,19044
12031,GUSTAVO A MADERO,DEFENSORES DE LA REPUBLICA,5189
12030,GUSTAVO A MADERO,HEROE DE NACOZARI,2148
12032,GUSTAVO A MADERO,GUADALUPE VICTORIA,2112
12000,GUSTAVO A MADERO,SAN JOSE DE LA ESCALERA,3718
12001,GUSTAVO A MADERO,SANTIAGO ATEPETLAC,4536
11894,GUSTAVO A MADERO,GUADALUPE VICTORIA CUAUTEPEC,2047
11999,GUSTAVO A MADERO,SANTA ROSA,14187
11859,GUSTAVO A MADERO,AMPL MALACATES,8630
12033,GUSTAVO A MADERO,VALLEJO PONIENTE,1779
12055,GUSTAVO A MADERO,VALLEJO,17923
12028,GUSTAVO A MADERO,AMPL PANAMERICANA,1343
11956,GUSTAVO A MADERO,MAXIMINO AVILA CAMACHO,2259
11957,GUSTAVO A MADERO,TLACAMACA,1552
12008,GUSTAVO A MADERO,NVA INDUSTRIAL VALLEJO,208
11924,GUSTAVO A MADERO,LINDAVISTA,18290
12044,GUSTAVO A MADERO,7 DE NOVIEMBRE,1444
12025,GUSTAVO A MADERO,NUEVA VALLEJO,3415
12024,GUSTAVO A MADERO,VALLE DEL TEPEYAC,2325
12021,GUSTAVO A MADERO,SAN BARTOLO ATEPEHUACAN,6483
11925,GUSTAVO A MADERO,REVOLUCION IMSS,13
11921,GUSTAVO A MADERO,BUGAMBILIAS DE TICOMAN,157
11876,GUSTAVO A MADERO,GRACIANO SANCHEZ,518
12005,GUSTAVO A MADERO,AMPL GUADALUPE PROLETARIA,2063
11855,GUSTAVO A MADERO,BO CUAUTEPEC EL ALTO,6758
12054,GUSTAVO A MADERO,GUADALUPE INSURGENTES,3975
11839,GUSTAVO A MADERO,TEPEYAC INSURGENTES,6503
11954,GUSTAVO A MADERO,RES ZACATENCO,6671
11951,GUSTAVO A MADERO,UNID PROFES ZACATENCO LINDAVISTA,17
12013,GUSTAVO A MADERO,TORRES LINDAVISTA,2737
11952,GUSTAVO A MADERO,JUAN DE DIOS BATIZ,1630
11939,GUSTAVO A MADERO,SANTA MARIA TICOMAN,5445
11945,GUSTAVO A MADERO,LA LAGUNA TICOMAN,1532
11944,GUSTAVO A MADERO,FOVISSSTE TICOMAN,374
11943,GUSTAVO A MADERO,ZACATENCO LINDAVISTA,344
12016,GUSTAVO A MADERO,VALLEJO LA PATERA,5055
12017,GUSTAVO A MADERO,CONDUMODULOS,442
12018,GUSTAVO A MADERO,HECTOMETRO VALLEJO,175
11927,GUSTAVO A MADERO,INFONAVIT,1160
12009,GUSTAVO A MADERO,SIETE MARAVILLAS,1542
11888,GUSTAVO A MADERO,EL CARMEN,848
11948,GUSTAVO A MADERO,SAN JUAN TICOMAN,5818
11875,GUSTAVO A MADERO,TLACAELEL 1,575
11866,GUSTAVO A MADERO,LA FORESTAL I,1710
12023,GUSTAVO A MADERO,PLANETARIO LINDAVISTA,1238
11889,GUSTAVO A MADERO,CUAUTEPEC DE MADERO BARRIO BAJO,3271
11896,GUSTAVO A MADERO,CASTILLO EL CHICO,1831
11883,GUSTAVO A MADERO,VISTA HERMOSA,3500
11947,GUSTAVO A MADERO,GUADALUPE TICOMAN,1378
11940,GUSTAVO A MADERO,TICOMAN,1236
11946,GUSTAVO A MADERO,ACUEDUCTO,548
11933,GUSTAVO A MADERO,SAN BERNANDINO TICOMAN I,185
12010,GUSTAVO A MADERO,LA SALLE,371
12012,GUSTAVO A MADERO,MEDITERRANE II,415
12014,GUSTAVO A MADERO,COSTAS DEL MEDITERRANEO,166
12015,GUSTAVO A MADERO,MEDITERRANE I,210
12094,GUSTAVO A MADERO,CTM ARAGON,4115
12062,GUSTAVO A MADERO,CUCHILLA DEL TESORO,12257
11979,GUSTAVO A MADERO,LA PRADERA,9479
11982,GUSTAVO A MADERO,LA PRADERA 2DA SECC,1944
12090,GUSTAVO A MADERO,SAN JUAN DE ARAGON 3RA SECC,11016
12087,GUSTAVO A MADERO,EX ESCUELA DE TIRO,2244
12085,GUSTAVO A MADERO,FERNANDO CASAS ALEMAN,1677
12088,GUSTAVO A MADERO,SAN JUAN DE ARAGON 1RA SECC,18005
12070,GUSTAVO A MADERO,EJIDOS SAN JUAN DE ARAGON 1RA SECC,2819
12078,GUSTAVO A MADERO,SAN JUAN DE ARAGON,13296
12075,GUSTAVO A MADERO,INFONAVIT LORETO FABELA,3199
12077,GUSTAVO A MADERO,LOS OLIVOS,379
12074,GUSTAVO A MADERO,INFONAVIT CAMINO SAN JUAN DE ARAGON,1272
12071,GUSTAVO A MADERO,FOVISSSTE CUCHILLA,470
12080,GUSTAVO A MADERO,SAN MIGUEL 2DA SECC,519
12083,GUSTAVO A MADERO,LA CUCHILLA,1901
12079,GUSTAVO A MADERO,SAN MIGUEL 1RA SECC,1058
12068,GUSTAVO A MADERO,INDECO,1623
11851,GUSTAVO A MADERO,AMPL SANTA CRUZ,2644
11850,GUSTAVO A MADERO,AMPL GABRIEL HERNANDEZ,13025
11838,GUSTAVO A MADERO,ROSAS DEL TEPEYAC,1373
11844,GUSTAVO A MADERO,TRIUNFO DE LA REPUBLICA,2260
11849,GUSTAVO A MADERO,GABRIEL HERNANDEZ,10419
11835,GUSTAVO A MADERO,SANTA ISABEL TOLA,10909
11846,GUSTAVO A MADERO,SAN JOSE DE LA PRADERA,1834
11853,GUSTAVO A MADERO,EL RISCO CTM,12299
11960,GUSTAVO A MADERO,VILLAHERMOSA,1380
11959,GUSTAVO A MADERO,JUAN GONZALEZ ROMERO,9576
11964,GUSTAVO A MADERO,DEL OBRERO,4350
11840,GUSTAVO A MADERO,ATZACOALCO,4745
11965,GUSTAVO A MADERO,VASCO DE QUIROGA,9709
12086,GUSTAVO A MADERO,CERRO PRIETO,4529
11841,GUSTAVO A MADERO,GUSTAVO A MADERO,2338
12041,GUSTAVO A MADERO,GUADALUPE TEPEYAC,7278
11985,GUSTAVO A MADERO,CAMPESTRE ARAGON,27236
12035,GUSTAVO A MADERO,ESTRELLA,9176
11958,GUSTAVO A MADERO,SALVADOR DIAZ MIRON,16131
12069,GUSTAVO A MADERO,HEROES DE CHAPULTEPEC,1293
12072,GUSTAVO A MADERO,FOVISSTE RIO DE GUADALIPE,845
11970,GUSTAVO A MADERO,JOSE MARIA MORELOS Y PAVON 2DA SECC,1026
11966,GUSTAVO A MADERO,DM NACIONAL,11875
11967,GUSTAVO A MADERO,TORRES DE SAN JUAN,553
11972,GUSTAVO A MADERO,EDUARDO MOLINA II,480
11969,GUSTAVO A MADERO,LEGISLATURA 51,665
11971,GUSTAVO A MADERO,EDUARDO MOLINA I,1493
11852,GUSTAVO A MADERO,ATZACOALCO CTM,5853
12051,GUSTAVO A MADERO,TABLAS DE SAN AGUSTIN,5407
12045,GUSTAVO A MADERO,BONDOJITO,1917
11975,GUSTAVO A MADERO,CONSTITUCION DE LA REPUBLICA,10579
11845,GUSTAVO A MADERO,MARTIN CARRERA,16751
11842,GUSTAVO A MADERO,15 DE AGOSTO,3726
11848,GUSTAVO A MADERO,LA DINAMITA,4307
11843,GUSTAVO A MADERO,ESTANZUELA,2843
12036,GUSTAVO A MADERO,ARAGON INGUARAN,4884
12038,GUSTAVO A MADERO,GERTRUDIS SANCHEZ 1RA SECC,2992
11974,GUSTAVO A MADERO,GRANJAS MODERNAS,1610
11977,GUSTAVO A MADERO,SANTA COLETA,15
11834,GUSTAVO A MADERO,ARAGON,5035
11976,GUSTAVO A MADERO,AMPL SAN JUAN DE ARAGON,208
11847,GUSTAVO A MADERO,LA CRUZ,2853
12059,GUSTAVO A MADERO,CUCHILLA LA JOYA,4820
12060,GUSTAVO A MADERO,LA JOYA,5707
12047,GUSTAVO A MADERO,AMPL EMILIANO ZAPATA,1600
11837,GUSTAVO A MADERO,PARQUE DEL TEPEYAC,1615
11963,GUSTAVO A MADERO,PLAZA ORIENTE,839
12053,GUSTAVO A MADERO,BELISARIO DOMINGUEZ,1173
12056,GUSTAVO A MADERO,MARTIRES DE RIO BLANCO,7854
12037,GUSTAVO A MADERO,TRES ESTRELLAS,4534
12046,GUSTAVO A MADERO,FAJA DE ORO,1296
12048,GUSTAVO A MADERO,AMPL MARTIRES DE RIO BLANCO,1373
12057,GUSTAVO A MADERO,EMILIANO ZAPATA,4686
12050,GUSTAVO A MADERO,LA JOYITA,747
12043,GUSTAVO A MADERO,7 DE JULIO,511
11836,GUSTAVO A MADERO,TEPETATES,607
11983,GUSTAVO A MADERO,SAN FELIPE DE JESUS,49793
12092,GUSTAVO A MADERO,NARCISO BASSOLS,5201
11980,GUSTAVO A MADERO,MALVINAS MEXICANAS,1012
12042,GUSTAVO A MADERO,VALLE GOMEZ,0
12049,GUSTAVO A MADERO,JOYITA,6
12052,GUSTAVO A MADERO,AMPL LA JOYITA,978
11950,GUSTAVO A MADERO,SAN PEDRO ZACATENCO,6547
11973,GUSTAVO A MADERO,JOSE MARIA MORELOS Y PAVON 1RA SECC,527
11997,GUSTAVO A MADERO,CASAS ALEMAN,22556
11994,GUSTAVO A MADERO,PROVIDENCIA,24438
11995,GUSTAVO A MADERO,AMPL PROVIDENCIA,7339
11885,GUSTAVO A MADERO,AHUEHUETES,4445
11918,GUSTAVO A MADERO,ZONA RES ACUEDUCTO DE GUADALUPE,4816
11984,GUSTAVO A MADERO,25 DE JULIO,3456
11987,GUSTAVO A MADERO,LA ESMERALDA III,478
11988,GUSTAVO A MADERO,LA HUITZNAHUA,573
11991,GUSTAVO A MADERO,ARCOS LA ESMERALDA,1202
11990,GUSTAVO A MADERO,VILLA ESMERALDA,245
11986,GUSTAVO A MADERO,LA ESMERALDA,2202
11993,GUSTAVO A MADERO,EL MILAGRO,2958
12064,GUSTAVO A MADERO,SAN JUAN DE ARAGON 7MA SECC,13406
12063,GUSTAVO A MADERO,BOSQUE DE SAN JUAN DE ARAGON,75
11962,GUSTAVO A MADERO,NUEVA ATZACOALCO,30486
11978,GUSTAVO A MADERO,SAN PEDRO EL CHICO,4727
12039,GUSTAVO A MADERO,GERTRUDIS SANCHEZ 2DA SECC,7774
11961,GUSTAVO A MADERO,UNIDAD HAB EL COYOL,2523
12091,GUSTAVO A MADERO,SAN JUAN DE ARAGON 4TA Y 5TA SECC,13299
12067,GUSTAVO A MADERO,EL OLIVO,1370
12089,GUSTAVO A MADERO,SAN JUAN DE ARAGON 2DA SECC,13592
11996,GUSTAVO A MADERO,VILLA DE ARAGON,4688
12065,GUSTAVO A MADERO,SAN JUAN DE ARAGON 6TA SECC,10724
12084,GUSTAVO A MADERO,ARAGON FOVISSSTE,1629
12058,GUSTAVO A MADERO,NUEVA TENOCHTITLAN,8809
12040,GUSTAVO A MADERO,GERTRUDIS SANCHEZ 3A SECCION,8371
12066,GUSTAVO A MADERO,SAN JUAN DE ARAGON EJIDOS 2DA SECC,1044
11981,GUSTAVO A MADERO,LA PRADERA 1RA SECC,3330
12970,VENUSTIANO CARRANZA,AEROPUERTO INTER B JUAREZ,862
12093,GUSTAVO A MADERO,AMPL SAN JUAN DE ARAGON CTM,2845
12061,GUSTAVO A MADERO,MALINCHE,5299
11949,GUSTAVO A MADERO,SAN RAFAEL TICOMAN,896
11953,GUSTAVO A MADERO,LOMAS DE SAN JUAN IXHUATEPEC (2A SECCION),1291
11992,GUSTAVO A MADERO,CAMPAMENTO LA ESMERALDA,244
12082,GUSTAVO A MADERO,CAMINO SAN JUAN DE ARAGON,462
11878,GUSTAVO A MADERO,JAIME S EMILIANO G,1041
11861,GUSTAVO A MADERO,PRADOS DE CUAUTEPEC,315
11867,GUSTAVO A MADERO,VERONICA CASTRO,1345
11882,GUSTAVO A MADERO,6 DE JUNIO,1939
11931,GUSTAVO A MADERO,RESIDENCIAL FLORENCIA,267
11937,GUSTAVO A MADERO,ARROYO DE GUADALUPE,1114
11892,GUSTAVO A MADERO,DEL BOSQUE,3286
11917,GUSTAVO A MADERO,MODULAR DE ACUEDUCTO,840
11900,GUSTAVO A MADERO,ZONA ESCOLAR ORIENTE,0
11901,GUSTAVO A MADERO,EL ARBOLILLO 3,2437
11913,GUSTAVO A MADERO,TONACA CUAUTITLAN,545
11912,GUSTAVO A MADERO,MEXICUIZAPAN,543
11905,GUSTAVO A MADERO,EL ARBOLILLO II CROC,303
11942,GUSTAVO A MADERO,ZACATENCO,1750
11938,GUSTAVO A MADERO,FUTURAMA,127
11934,GUSTAVO A MADERO,SIERRAVISTA,230
12029,GUSTAVO A MADERO,PANAMERICANA,5864
12026,GUSTAVO A MADERO,AMPL MAGDALENA DE LAS SALINAS,103
12006,GUSTAVO A MADERO,SECRETARIA DE COMUNICACIONES Y TRANSPORTES,3571
12004,GUSTAVO A MADERO,LOS REMEDIOS,1093
12116,IZTACALCO,AGRICOLA ORIENTAL,75068
12118,IZTACALCO,HERMANOS BLANCAS,3257
12119,IZTACALCO,INFONAVIT SUR 20,5275
12117,IZTACALCO,EL RODEO,6050
12096,IZTACALCO,EX EJIDO MAGDALENA MIXHUCA,2003
12098,IZTACALCO,CUCHILLA GABRIEL RAMOS MILLAN,5049
12095,IZTACALCO,GABRIEL RAMOS MILLAN SECC BRAMADERO,18080
12101,IZTACALCO,PANTITLAN,56558
12112,IZTACALCO,GRANJAS MEXICO,9606
12136,IZTACALCO,INPI IZTACALCO,842
12132,IZTACALCO,GABRIEL RAMOS MILLAN,8102
12146,IZTACALCO,IZTACALCO INFONAVIT,17661
12144,IZTACALCO,MILITAR MARTE,7111
12145,IZTACALCO,REFORMA IZTACCIHUATL SUR,3622
12140,IZTACALCO,REFORMA IZTACCIHUATL NORTE,5699
12141,IZTACALCO,SANTIAGO SUR,3451
12143,IZTACALCO,SANTIAGO,2597
12142,IZTACALCO,MAESTROS DE IZTACALCO,1037
12139,IZTACALCO,BARRIO DE SANTIAGO,966
12122,IZTACALCO,5 DE DICIEMBRE FOVISSSTE,1508
12103,IZTACALCO,VIADUCTO PIEDAD,9547
12104,IZTACALCO,NUEVA SANTA ANITA,3560
12108,IZTACALCO,EL RANCHITO,1146
12109,IZTACALCO,SANTA ANITA,9197
12110,IZTACALCO,LA CRUZ,4015
12111,IZTACALCO,COYUYA,2154
11519,BENITO JUREZ,MODERNA,10100
12114,IZTACALCO,CUCHILLA AGRICOLA ORIENTAL,2526
12113,IZTACALCO,MARIO MORENO,7637
12099,IZTACALCO,MUJERES ILUSTRES,2154
12125,IZTACALCO,RICARDO FLORES MAGON,1035
12126,IZTACALCO,EX EMPLEADOS DE LA FORD,1049
12127,IZTACALCO,LOS REYES,2890
12124,IZTACALCO,MERCADOS 2,999
12123,IZTACALCO,MERCADOS 1,397
12129,IZTACALCO,SAN MIGUEL,4400
12121,IZTACALCO,ZAPOTLA,1064
12120,IZTACALCO,LA ASUNCION,3785
12147,IZTACALCO,SANTA CRUZ,2390
12149,IZTACALCO,MARTIRES DE TLATELOLCO,2094
12150,IZTACALCO,BENITO JUAREZ,16982
12148,IZTACALCO,JARDINES DE TECMA,2121
12137,IZTACALCO,LOS PICOS DE IZTACALCO 1RA SECC,4845
12097,IZTACALCO,AMPL GABRIEL RAMOS MILLAN,7523
12105,IZTACALCO,SAN PEDRO,3789
12107,IZTACALCO,SANTIAGO NORTE,4262
12106,IZTACALCO,SAN FRANCISCO XICALTONGO,3539
12102,IZTACALCO,AGUA CALIENTE,4150
12134,IZTACALCO,INPI LOS PICOS,1742
12130,IZTACALCO,JUVENTINO ROSAS,15602
12135,IZTACALCO,EL MOSCO,920
12100,IZTACALCO,LIC CARLOS ZAPATA 1RA Y 2DA SECC,9000
12128,IZTACALCO,AMADO NERVO,586
12138,IZTACALCO,LOS PICOS DE IZTACALCO 2DA SECC,2871
12131,IZTACALCO,TLAZINTLA,2445
12133,IZTACALCO,GABRIEL RAMOS MILLAN SECC TLACOTAL,8000
12115,IZTACALCO,UNIDAD DEPORTIVA MAGDALENA MIXHUCA,280
12308,IZTAPALAPA,LA POLVORILLA,4182
12296,IZTAPALAPA,ZONA RUSTICA,10286
12292,IZTAPALAPA,DESARROLLO URBANO QUETZALCOATL,60410
12178,IZTAPALAPA,UNIDAD HAB LA COLMENA,3813
12171,IZTAPALAPA,JUAN ESCUTIA,19261
12172,IZTAPALAPA,LA VALENCIANA,1841
12189,IZTAPALAPA,GUELATAO BENITO JUAREZ,5587
12282,IZTAPALAPA,XALPA,49130
12177,IZTAPALAPA,SOLIDARIDAD,12132
12258,IZTAPALAPA,ZONA URB STA MARTHA ACATITLA SUR,14720
12301,IZTAPALAPA,LOMAS DE SANTA CRUZ,8631
12294,IZTAPALAPA,BUENAVISTA,35154
12404,IZTAPALAPA,SAN JOSE BUENAVISTA,3754
12290,IZTAPALAPA,MIRAVALLE,14714
12289,IZTAPALAPA,IXTLAHUACAN,17007
12291,IZTAPALAPA,MIGUEL DE LA MADRID HURTADO,12024
12270,IZTAPALAPA,SAN MIGUEL TEOTONGO(SECC GUADALUPE),18841
12264,IZTAPALAPA,2DA AMPL SANTIAGO ACAHUALTEPEC,22053
12252,IZTAPALAPA,AMPL Z URB EJ STA MARIA AZTAHUACAN,7368
12250,IZTAPALAPA,SANTA MARIA AZTAHUACAN,10797
12259,IZTAPALAPA,MONTE ALBAN,5214
12253,IZTAPALAPA,OJITO DE AGUA,383
12371,IZTAPALAPA,PARQUE NACIONAL CERRO DE LA ESTRELLA,7204
12326,IZTAPALAPA,VALLE DE LUCES 1RA SECCION,2128
12328,IZTAPALAPA,VALLE DE LUCES 3RA SECCION,1971
12323,IZTAPALAPA,SAN MARCOS,2288
12324,IZTAPALAPA,SAN SIMON CULHUACAN,2936
12320,IZTAPALAPA,FUEGO NUEVO,2948
12321,IZTAPALAPA,LUIS ECHEVERRIA ALVAREZ,11412
12380,IZTAPALAPA,SANTA MARIA TOMATLAN,4325
12348,IZTAPALAPA,EL MANTO,4367
12351,IZTAPALAPA,PLAN DE IGUALA,4809
12350,IZTAPALAPA,8VA AMPLIACION SAN MIGUEL,384
12186,IZTAPALAPA,CABEZA DE JUAREZ VI,2322
12293,IZTAPALAPA,PUEBLO SANTA CRUZ MEYEHUALCO,12428
12331,IZTAPALAPA,VALLE DE LUCES,6780
12357,IZTAPALAPA,Z URB EJ LOS REYES CULHUACAN,7473
12322,IZTAPALAPA,PUEBLO CULHUACAN,3450
12318,IZTAPALAPA,EL MIRADOR,1480
12377,IZTAPALAPA,ZONA URBANA EJIDAL SAN ANDR텝 TOMATLAN,2480
12319,IZTAPALAPA,ESTRELLA DE CULHUACAN,2707
12402,IZTAPALAPA,CONJUNTO HAB CELOALLIOTLI,15762
12300,IZTAPALAPA,MIXCOATL,6933
12187,IZTAPALAPA,UNIDAD HAB CABEZA DE JUAREZ,19797
12188,IZTAPALAPA,UNIDAD HAB IGNACIO ZARAGOZA,8309
12386,IZTAPALAPA,UNIDAD HAB MILITAR SEDENA,4823
12391,IZTAPALAPA,UNIDAD HAB BENITO JUAREZ,6594
12361,IZTAPALAPA,SAN JUAN XALPA,23590
12161,IZTAPALAPA,CENTRAL DE ABASTOS,1350
12341,IZTAPALAPA,AMPL RICARDO FLORES MAGON,5295
12342,IZTAPALAPA,AMPL EL SANTUARIO,3619
12185,IZTAPALAPA,UNID HAB EJERC CONSTITUCIONALISTA,18394
12237,IZTAPALAPA,APATLACO,9396
12236,IZTAPALAPA,NEZAHUALCOYOTL,925
12235,IZTAPALAPA,PURISIMA ATLAZOLPA,3555
12162,IZTAPALAPA,LOS PASEOS DE CHURUBUSCO,7169
12160,IZTAPALAPA,DOCTOR ALFONSO ORTIZ TIRADO,3366
12315,IZTAPALAPA,ANO DE JUAREZ,3223
12299,IZTAPALAPA,VALLE DE SAN LORENZO,16425
12398,IZTAPALAPA,JARDINES DE SAN LORENZO TEZONCO,6865
12302,IZTAPALAPA,LOS ANGELES APANOAYA,3944
12345,IZTAPALAPA,LOS ANGELES,11809
12192,IZTAPALAPA,EL PARAISO,14994
12193,IZTAPALAPA,FRACC POPULAR ALVARO OBREGON,7150
12261,IZTAPALAPA,EJRCITO DE AGUA PRIETA,17240
12311,IZTAPALAPA,INSURGENTES,9739
12403,IZTAPALAPA,COOPERATIVA ALLAPETLALLI,5758
12316,IZTAPALAPA,LOMAS DE SAN LORENZO,43291
12395,IZTAPALAPA,LA ESPERANZA,12181
12393,IZTAPALAPA,BARRIO GUADALUPE,2461
12370,IZTAPALAPA,MARIA ESTHER ZUNO DE ECHEVERRIA,9982
12368,IZTAPALAPA,CERRO DE LA ESTRELLA,11088
12312,IZTAPALAPA,CONGRESO AGRARISTA MEXICANO,26130
12175,IZTAPALAPA,ZONA URB STA MARTHA ACATITLA NORTE,19959
12190,IZTAPALAPA,JOSE MARIA MORELOS Y PAVON,2224
12194,IZTAPALAPA,UNID HAB EJERC DE OTE ZONA PE헲N,17550
12255,IZTAPALAPA,PUEBLO SAN SEBASTIAN TECOLOXTITLAN,6912
12256,IZTAPALAPA,EL EDEN,2357
12182,IZTAPALAPA,RENOVACION,16278
12396,IZTAPALAPA,JOSE LOPEZ PORTILLO,20390
12385,IZTAPALAPA,TRIANGULO DE LAS AGUJAS,2807
12200,IZTAPALAPA,CONSTITUCION DE 1917,10479
12303,IZTAPALAPA,FRANCISCO VILLA,10404
12346,IZTAPALAPA,PARAJE SAN JUAN,12276
12154,IZTAPALAPA,BARRIO SAN PABLO,2502
12277,IZTAPALAPA,MIGUEL DE LA MADRID,2238
12278,IZTAPALAPA,SAN FRANCISCO APOLOCALCO,2518
12279,IZTAPALAPA,AMPL EMILIANO ZAPATA,8615
12276,IZTAPALAPA,LAS CRUCES,1984
12176,IZTAPALAPA,FUENTES DE ZARAGOZA,8694
12179,IZTAPALAPA,CONJ URBANO POP ERMITA ZARAGOZA,24085
12191,IZTAPALAPA,UNIDAD HAB EJERCITO DE ORIENTE,8610
12174,IZTAPALAPA,SAN LORENZO XICOTENCATL,7216
12310,IZTAPALAPA,AMPL LAS PENAS,4823
12203,IZTAPALAPA,UNIDAD HAB SANTA CRUZ MEYEHUALCO,27266
12231,IZTAPALAPA,ACULCO,5561
12271,IZTAPALAPA,SAN MIGUEL TEOTONGO(SECC LA CRUZ),7747
12181,IZTAPALAPA,CHINAMPAC DE JUAREZ,10559
12285,IZTAPALAPA,SAN PABLO I,3164
12401,IZTAPALAPA,LA PLANTA,2366
12400,IZTAPALAPA,EX HACIENDA SAN NICOLAS TOLENTINO,3517
12356,IZTAPALAPA,LOS REYES CULHUACAN,3080
12336,IZTAPALAPA,VALLE DEL SUR,6524
12201,IZTAPALAPA,COLONIAL IZTAPALAPA,5421
12309,IZTAPALAPA,LAS PE헤S,13048
12262,IZTAPALAPA,SANTIAGO ACAHUALTEPEC,9944
12267,IZTAPALAPA,SAN MIGUEL TEOTONGO(SECC AVIS),2130
12241,IZTAPALAPA,SAN ANDRES TETEPILCO,14371
12243,IZTAPALAPA,CHILERO I,3063
12233,IZTAPALAPA,INFONAVIT LOS PICOS,3402
12159,IZTAPALAPA,REAL DEL MORAL,4853
12210,IZTAPALAPA,LEYES DE REFORMA,16772
12365,IZTAPALAPA,PARAJE SAN JUAN CERRO,5815
12274,IZTAPALAPA,PALMILLAS,326
12272,IZTAPALAPA,SAN MIGUEL TEOTONGO(SECC PALMAS),4624
12382,IZTAPALAPA,VERGEL,3984
12304,IZTAPALAPA,LA HERA,7270
12307,IZTAPALAPA,PRESIDENTES DE MEXICO,17822
12224,IZTAPALAPA,SAN JUANICO NEXTIPAC,2857
12238,IZTAPALAPA,EL TRIUNFO,3326
12227,IZTAPALAPA,LA VIGA,3294
12225,IZTAPALAPA,SIFON,5968
12305,IZTAPALAPA,REFORMA POLITICA,17558
12287,IZTAPALAPA,PALMITAS,12958
12269,IZTAPALAPA,SAN MIGUEL TEOTONGO(SECC CORR),4188
12268,IZTAPALAPA,SAN MIGUEL TEOTONGO(SECC CAMP),847
12360,IZTAPALAPA,PANTEON CIVIL DE IZTAPALAPA,1946
12335,IZTAPALAPA,LOS CIPRESES,3592
12338,IZTAPALAPA,SANTA ISABEL INDUSTRIAL,2503
12220,IZTAPALAPA,LA NORMA,1751
12373,IZTAPALAPA,UNIDAD HAB BELLAVISTA,2732
12251,IZTAPALAPA,Z URB EJ STA MARIA AZTAHUACAN,24120
12281,IZTAPALAPA,LOMAS DE LA ESTANCIA,17329
12390,IZTAPALAPA,UNIDAD HAB CARLOS JONGITUD BARRIOS,3501
12389,IZTAPALAPA,LOMAS ESTRELLA 2DA SECCION,8918
12317,IZTAPALAPA,PUEBLO SAN LORENZO TEZONCO,8572
12197,IZTAPALAPA,UNIDAD HAB PLUTARCO ELIAS CALLES,8835
12332,IZTAPALAPA,MINERVA,3745
12207,IZTAPALAPA,LEYES DE REFORMA 3RA SECCION,11334
12215,IZTAPALAPA,UNIDAD HAB MARGARITA MAZA DE JUAREZ,1930
12214,IZTAPALAPA,SIDERAL,2829
12180,IZTAPALAPA,UNIDAD HAB VICENTE GUERRERO,38693
12288,IZTAPALAPA,TENORIOS,18102
12286,IZTAPALAPA,CITLALLI,6153
12397,IZTAPALAPA,EL ROSARIO,5836
12399,IZTAPALAPA,EL MOLINO TEZONCO,6983
12199,IZTAPALAPA,LAS AMRICAS,4104
12219,IZTAPALAPA,AMPL SAN MIGUEL,4550
12196,IZTAPALAPA,ALBARRADA,645
12195,IZTAPALAPA,PROGRESISTA,3655
12198,IZTAPALAPA,LA REGADERA,739
12306,IZTAPALAPA,SIERRA DEL VALLE,1414
12283,IZTAPALAPA,SAN PABLO II,870
12284,IZTAPALAPA,POTRERO DE LA LUNA,694
12392,IZTAPALAPA,BARRIO SAN LORENZO TEZONCO,3794
12394,IZTAPALAPA,BARRIO SAN ANTONIO,15710
12364,IZTAPALAPA,INFONAVIT SAN FRANCISCO,5363
12367,IZTAPALAPA,BENITO JUAREZ,1357
12202,IZTAPALAPA,JACARANDAS,6296
12209,IZTAPALAPA,LA PURISIMA,3857
12205,IZTAPALAPA,LEYES DE REFORMA 1RA SECCION,2953
12218,IZTAPALAPA,2DA AMPLIACI흁 BARRIO SAN MIGUEL (SAN FELIPE TERREMOTES),2106
12217,IZTAPALAPA,BARRIO SAN MIGUEL,18928
12216,IZTAPALAPA,EVA SAMANO DE LOPEZ MATEOS,2520
12204,IZTAPALAPA,GUADALUPE DEL MORAL,10643
12165,IZTAPALAPA,GRANJAS SAN ANTONIO,3240
12206,IZTAPALAPA,LEYES DE REFORMA 2DA SECCION,1590
12208,IZTAPALAPA,VICENTINA,1850
12230,IZTAPALAPA,SAN JOSE ACULCO,7395
12254,IZTAPALAPA,PUEBLO SANTA MARTHA ACATITLA,19211
12263,IZTAPALAPA,1RA AMPL SANTIAGO ACAHUALTEPEC,5007
12295,IZTAPALAPA,CARLOS HANK GONZALEZ,8337
12245,IZTAPALAPA,BANJIDAL,4067
12247,IZTAPALAPA,SINATEL,2049
12163,IZTAPALAPA,ESCUADRON 201,12650
12164,IZTAPALAPA,SECTOR POPULAR,9252
12169,IZTAPALAPA,HEROES DE CHURUBUSCO,6909
12222,IZTAPALAPA,GAVILAN,2181
12239,IZTAPALAPA,AMPL EL TRIUNFO,4562
12229,IZTAPALAPA,MAGDALENA ATLAZOLPA,5392
12228,IZTAPALAPA,JARDINES DE CHURUBUSCO,1556
12232,IZTAPALAPA,APATLACO MAGDALENA,1892
12234,IZTAPALAPA,NUEVA ROSITA,3616
12226,IZTAPALAPA,AMPL SIFON,1386
12244,IZTAPALAPA,CHILERO II,1425
12242,IZTAPALAPA,ZACAHUITZCO,5056
12337,IZTAPALAPA,RICARDO FLORES MAGON,1620
12153,IZTAPALAPA,BARRIO SAN LUCAS,7089
12340,IZTAPALAPA,ESTRELLA DEL SUR,3384
12297,IZTAPALAPA,DEGOLLADO,3027
12383,IZTAPALAPA,CAMPESTRE ESTRELLAS,2020
12384,IZTAPALAPA,GRANJAS ESTRELLA,4633
12265,IZTAPALAPA,LOMAS DE ZARAGOZA,14416
12156,IZTAPALAPA,BARRIO SANTA BARBARA,18415
12240,IZTAPALAPA,EL RETO헲,3547
12349,IZTAPALAPA,UNIDAD HAB CUITLAHUAC,460
12221,IZTAPALAPA,PRI,1360
12168,IZTAPALAPA,UNIDAD MODELO,5051
12173,IZTAPALAPA,VOCEADORES,2983
12260,IZTAPALAPA,COOPERATIVA BIATLON,2723
12275,IZTAPALAPA,SAN MIGUEL TEOTONGO (SECC LAS TORR),15193
12183,IZTAPALAPA,TEPALCATES,16512
12314,IZTAPALAPA,PUENTE BLANCO,7286
12376,IZTAPALAPA,SAN JUAN ESTRELLA,3993
12280,IZTAPALAPA,HUITZICO,11586
12358,IZTAPALAPA,SAN NICOLAS TOLENTINO,9234
12184,IZTAPALAPA,REFORMA EDUCATIVA,322
12155,IZTAPALAPA,BARRIO SAN PEDRO,3947
12339,IZTAPALAPA,EL SANTUARIO,4025
12359,IZTAPALAPA,SANTA MARIA DEL MONTE,3330
12343,IZTAPALAPA,EL MOLINO,3034
12362,IZTAPALAPA,AMPL VERACRUZANA,188
12363,IZTAPALAPA,ESTADO DE VERACRUZ,199
12344,IZTAPALAPA,LOMAS EL MANTO,469
12375,IZTAPALAPA,CASA BLANCA,4438
12352,IZTAPALAPA,SAN LORENZO TEZONCO,3195
12354,IZTAPALAPA,PARAJE SAN JUAN 2DA AMPL,4100
12166,IZTAPALAPA,CACAMA,2157
12257,IZTAPALAPA,PARAJE ZACATEPEC,9091
12298,IZTAPALAPA,LA MAGUEYERA I Y II,1395
12355,IZTAPALAPA,SAN JUAN JOYA,3132
12246,IZTAPALAPA,MAESTRO JUSTO SIERRA,1747
12248,IZTAPALAPA,AMPL SINATEL,1445
12334,IZTAPALAPA,GRANJAS ESMERALDA,1559
12170,IZTAPALAPA,MEXICALTZINGO,1220
12273,IZTAPALAPA,SAN MIGUEL TEOTONGO(SECC RANCHO BA),961
12374,IZTAPALAPA,AMPL BELLAVISTA,1837
12152,IZTAPALAPA,BARRIO SAN JOSE,2609
13040,XOCHIMILCO,PARQUE ECOLOGICO DE XOCHIMILCO,6
12167,IZTAPALAPA,UNIDAD HAB XOPA,2756
12333,IZTAPALAPA,PROGRESO DEL SUR,2051
12327,IZTAPALAPA,VALLE DE LUCES 2DA. SECCION,2245
12347,IZTAPALAPA,CUITLAHUAC EL ROSAL,2056
12212,IZTAPALAPA,CUCHILLAS DEL MORAL I,2637
12213,IZTAPALAPA,CUCHILLAS DEL MORAL II Y III,710
12211,IZTAPALAPA,UNIDAD HAB CUCHILLA DEL MORAL II,0
12388,IZTAPALAPA,LOMAS ESTRELLA,1250
12158,IZTAPALAPA,BARRIO SAN IGNACIO,6718
12157,IZTAPALAPA,BARRIO LA ASUNCION,3651
12369,IZTAPALAPA,EL RODEO,1770
12223,IZTAPALAPA,UNIDAD HAB GAMMA GAVILAN,1936
12366,IZTAPALAPA,SAN JUAN CENTRO,851
12249,IZTAPALAPA,EL PRADO,2173
12313,IZTAPALAPA,EL TRIANGULO,2639
12353,IZTAPALAPA,UNIDAD HAB FOVISSSTE SAN JUAN,298
12372,IZTAPALAPA,SABADELL BELLAVISTA,1975
12387,IZTAPALAPA,UNIDAD HAB TULYEHUALCO,1784
12381,IZTAPALAPA,LOMAS ESTRELLA 1RA SECCION,1555
12379,IZTAPALAPA,SAN ANDRES TOMATLAN,4717
12378,IZTAPALAPA,12 DE DICIEMBRE,1759
12329,IZTAPALAPA,BARRIO SAN ANTONIO CULHUACAN,5084
12325,IZTAPALAPA,UNIDAD HAB SAN ANTONIO CULHUACAN,1894
12610,TL첻UAC,AMPL LOS OLIVOS,14965
12642,TL첻UAC,AMPL JOSE LOPEZ PORTILLO,927
12266,IZTAPALAPA,SAN MIGUEL TEOTONGO (SECC MERCEDES),3684
12330,IZTAPALAPA,BARRIO TULA CULHUACAN,577
12449,LA MAGDALENA CONTRERAS,PUEBLO SAN NICOLAS TOTOLAPAN,21927
12436,LA MAGDALENA CONTRERAS,PUEBLO NUEVO BAJO,4365
12409,LA MAGDALENA CONTRERAS,INDEPENDENCIA SAN RAMON,2926
12430,LA MAGDALENA CONTRERAS,SAN JERONIMO ACULCO,8656
12438,LA MAGDALENA CONTRERAS,PUEBLO NUEVO ALTO,6802
12440,LA MAGDALENA CONTRERAS,RINCON DE TLACUILOTITLA,2916
12421,LA MAGDALENA CONTRERAS,LOMAS DE SAN BERNABE,13689
12422,LA MAGDALENA CONTRERAS,OCOTAL,6533
12444,LA MAGDALENA CONTRERAS,LA CRUZ,5561
12428,LA MAGDALENA CONTRERAS,VISTA HERMOSA,5182
12416,LA MAGDALENA CONTRERAS,PUEBLO SAN BERNABE OCOTEPEC,12094
12441,LA MAGDALENA CONTRERAS,HEROES DE PADIERNA,3543
12443,LA MAGDALENA CONTRERAS,RESIDENCIAL SANTA TERESA,1239
12435,LA MAGDALENA CONTRERAS,POTRERILLO,4594
12433,LA MAGDALENA CONTRERAS,EL ROSAL,8045
12415,LA MAGDALENA CONTRERAS,SAN JERONIMO LIDICE,12715
12431,LA MAGDALENA CONTRERAS,SAN FRANCISCO,7032
12420,LA MAGDALENA CONTRERAS,LOS PADRES,8881
12405,LA MAGDALENA CONTRERAS,LOMAS QUEBRADAS,5584
12450,LA MAGDALENA CONTRERAS,PUEBLO LA MAGDALENA CONTRERAS,8371
12419,LA MAGDALENA CONTRERAS,LAS CRUCES,10301
12418,LA MAGDALENA CONTRERAS,EL TANQUE,7939
12447,LA MAGDALENA CONTRERAS,BARRIO PLAZUELA DEL PEDREGAL,772
12448,LA MAGDALENA CONTRERAS,LAS CALLES,404
12425,LA MAGDALENA CONTRERAS,TIERRA UNIDA,3415
12451,LA MAGDALENA CONTRERAS,LAS HUERTAS,1002
12406,LA MAGDALENA CONTRERAS,LA MALINCHE,10456
12446,LA MAGDALENA CONTRERAS,LA CONCEPCION,2793
12412,LA MAGDALENA CONTRERAS,INDEPENDENCIA BATAN SUR,1535
12411,LA MAGDALENA CONTRERAS,INDEPENDENCIA BATAN NORTE,2484
12407,LA MAGDALENA CONTRERAS,SAN BARTOLO AMEYALCO,5141
12408,LA MAGDALENA CONTRERAS,CUAUHTEMOC,6286
12426,LA MAGDALENA CONTRERAS,LAS PALMAS,3991
12434,LA MAGDALENA CONTRERAS,EL TORO,2692
12432,LA MAGDALENA CONTRERAS,BARRIO BARRANCA SECA,3784
12437,LA MAGDALENA CONTRERAS,LA CARBONERA,6136
12423,LA MAGDALENA CONTRERAS,HUAYATLA,4364
11080,첿VARO OBREG흁,PROGRESO,8139
11372,첿VARO OBREG흁,INFONAVIT,238
12445,LA MAGDALENA CONTRERAS,GUADALUPE,1431
12442,LA MAGDALENA CONTRERAS,SANTA TERESA,2289
12718,TLALPAN,PEDREGAL DE SAN NICOLAS 2DA SECC,7731
12413,LA MAGDALENA CONTRERAS,PUENTE SIERRA,211
12720,TLALPAN,PEDREGAL DEL LAGO,1612
12424,LA MAGDALENA CONTRERAS,HUEYOTLA,356
12439,LA MAGDALENA CONTRERAS,EL ERMITA헲,1746
12427,LA MAGDALENA CONTRERAS,ATACAXCO,1752
12684,TLALPAN,PEDREGAL 2,560
12724,TLALPAN,FUENTES DEL PEDREGAL,2676
12429,LA MAGDALENA CONTRERAS,BARROS SIERRA,4125
11360,첿VARO OBREG흁,AMPL TORRES DE POTRERO,1769
12417,LA MAGDALENA CONTRERAS,CERRO DEL JUDIO,478
12410,LA MAGDALENA CONTRERAS,UNIDAD INDEPENDENCIA IMSS,577
12414,LA MAGDALENA CONTRERAS,PEDREGAL DE SAN JERONIMO,2007
12717,TLALPAN,PEDREGAL DE SAN NICOLAS 1A SECCION,10877
12562,MILPA ALTA,BARRIO AMPL SANTA MARTHA,1463
12543,MILPA ALTA,BARRIO SAN MATEO,2196
12544,MILPA ALTA,BARRIO SANTA CRUZ,3571
12545,MILPA ALTA,BARRIO SANTA MARTHA,2774
12548,MILPA ALTA,BARRIO LA LUZ,4025
12542,MILPA ALTA,BARRIO LOS ANGELES,1653
12547,MILPA ALTA,BARRIO LA CONCEPCION,1696
12549,MILPA ALTA,BARRIO SAN AGUSTIN,3106
12546,MILPA ALTA,CENTRO MILPA ALTA,95
12553,MILPA ALTA,BARRIO XOCHITEPEC,6591
12552,MILPA ALTA,BARRIO XALTIPAC,3581
12557,MILPA ALTA,BARRIO CRUZTITLA,4815
12558,MILPA ALTA,BARRIO TECAXTITLA,6541
12551,MILPA ALTA,BARRIO TENANTITLA,1476
12556,MILPA ALTA,NOXALCO,213
12555,MILPA ALTA,LAS JOYAS,660
12669,TL첻UAC,PE헤 ALTA SUR,6717
12565,MILPA ALTA,SAN BARTOLOME XICOMULCO,4667
12575,MILPA ALTA,PUEBLO SAN JUAN TEPENAHUAC,967
12578,MILPA ALTA,BARRIO GUADALUPITA,1230
12574,MILPA ALTA,SAN FRANCISCO TECOXPA,4657
12573,MILPA ALTA,PUEBLO SAN JERONIMO MIACATLAN,2426
12550,MILPA ALTA,PUEBLO SAN AGUSTIN OHTENCO,1933
12571,MILPA ALTA,BARRIO SAN JUAN,5141
12567,MILPA ALTA,BARRIO SAN MIGUEL,4799
12570,MILPA ALTA,BARRIO CENTRO,930
12568,MILPA ALTA,BARRIO TLACPAC,3388
12569,MILPA ALTA,CENTRO SAN PABLO OZTOTEPEC,990
12566,MILPA ALTA,SAN SALVADOR CUAUHTENCO,13833
12561,MILPA ALTA,PUEBLO SAN PEDRO ATOCPAN,456
12564,MILPA ALTA,BARRIO OCOTITLA,3062
12560,MILPA ALTA,BARRIO TULA,1303
12563,MILPA ALTA,BARRIO NUCHTLA,1170
12559,MILPA ALTA,BARRIO PANCHIMALCO,2035
12579,MILPA ALTA,SAN JOSE,2772
12577,MILPA ALTA,SANTA ANA TLACOTENCO,1567
12576,MILPA ALTA,SAN MARCOS TLACOTENCO,4053
12572,MILPA ALTA,SAN LORENZO TLACOYUCAN,2919
12683,TL첻UAC,EMILIANO ZAPATA 2DA SECC,948
12679,TL첻UAC,MORELOS,920
12682,TL첻UAC,EMILIANO ZAPATA 1RA SECC,1069
12678,TL첻UAC,LA CONCHITA,553
11143,첿VARO OBREG흁,CENTRO COMERCIAL LOMAS DE SANTA FE,3449
11242,첿VARO OBREG흁,SANTA LUCIA,7090
11243,첿VARO OBREG흁,COOPERATIVA GAONA ARMENTA,338
11169,첿VARO OBREG흁,LA LOMA,2629
11297,첿VARO OBREG흁,LOMAS DE TARANGO,6932
11355,첿VARO OBREG흁,SAN BARTOLO AMEYALCO,2529
11356,첿VARO OBREG흁,RANCHO SAN FRANCISCO,16909
11354,첿VARO OBREG흁,IXTLAHUACA,2827
11336,첿VARO OBREG흁,LAS AGUILAS AMPLIACION 2O. PARQUE,736
11332,첿VARO OBREG흁,SAN CLEMENTE SUR,3962
11215,첿VARO OBREG흁,REACOMODO JALALPA EL GRANDE,8368
11366,첿VARO OBREG흁,AMPL TLACOYAQUE,3680
11286,첿VARO OBREG흁,MISIONES DE TARANGO,1167
11142,첿VARO OBREG흁,ZEDEC SANTA FE,633
11225,첿VARO OBREG흁,BARRIO NORTE,15803
11291,첿VARO OBREG흁,MERCED GOMEZ,5632
11239,첿VARO OBREG흁,LOMAS DE PLATEROS,16833
11221,첿VARO OBREG흁,PEZ,2618
11241,첿VARO OBREG흁,TORRES DE MIXCOAC,2365
11190,첿VARO OBREG흁,LOMAS DE BECERRA GRANADA,9144
11162,첿VARO OBREG흁,LOMAS DE NUEVO MEXICO,2106
11137,첿VARO OBREG흁,UNIDAD HAB BELEN,4141
11192,첿VARO OBREG흁,EL POCITO,1207
11227,첿VARO OBREG흁,MINAS DE CRISTO,4003
11069,첿VARO OBREG흁,FLORIDA,5256
11259,첿VARO OBREG흁,CORPUS CHRISTI,5209
11152,첿VARO OBREG흁,BOSCOSO,83
11144,첿VARO OBREG흁,INDUSTRIAS MILITARES DE SEDENA,2684
11287,첿VARO OBREG흁,RESIDENCIAL TARANGO,925
11234,첿VARO OBREG흁,AMPL HOGAR Y REDENCION,324
11337,첿VARO OBREG흁,AMPL LAS AGUILAS 3ER PARQUE,4932
11185,첿VARO OBREG흁,LOMAS DE CAPULA,6699
11118,첿VARO OBREG흁,BELLAVISTA,9468
11371,첿VARO OBREG흁,JARDINES DEL PEDREGAL,13817
11128,첿VARO OBREG흁,ISIDRO FABELA,2474
11132,첿VARO OBREG흁,8 DE AGOSTO,5067
11347,첿VARO OBREG흁,OLIVAR DE LOS PADRES,8005
11353,첿VARO OBREG흁,SAN MATEO TLALTENANGO,2489
11244,첿VARO OBREG흁,GAONA ARMENTA,655
11246,첿VARO OBREG흁,TETLALPAN,964
11285,첿VARO OBREG흁,DEL CEDROMILPA,391
11245,첿VARO OBREG흁,ARTURO GAMIZ,1169
11133,첿VARO OBREG흁,CAROLA,5659
11262,첿VARO OBREG흁,CORPUS CHRISTI 2DO REACOMODO,2048
11273,첿VARO OBREG흁,VALENTIN GOMEZ FARIAS,1778
11364,첿VARO OBREG흁,PARAJE DEL CABALLITO,4814
11319,첿VARO OBREG흁,TETELPAN,7664
11361,첿VARO OBREG흁,TORRES DE POTRERO,12460
11345,첿VARO OBREG흁,LA ANGOSTURA,1414
11344,첿VARO OBREG흁,FLOR DE MARIA,877
11067,첿VARO OBREG흁,GUADALUPE INN,3443
11209,첿VARO OBREG흁,AMPL PRESIDENTES,3545
11230,첿VARO OBREG흁,COLINAS DEL SUR,7987
11157,첿VARO OBREG흁,TLAPECHICO,2702
11175,첿VARO OBREG흁,AMPL LA MEXICANA,4851
11150,첿VARO OBREG흁,ZENON DELGADO,2894
11114,첿VARO OBREG흁,EL PARAISO,4571
11130,첿VARO OBREG흁,UNIDAD HAB SANTA FE IMSS,6414
11127,첿VARO OBREG흁,BOSQUES 1RA SECC,2154
11090,첿VARO OBREG흁,POLVORA,2052
11121,첿VARO OBREG흁,TOLTECA,773
11141,첿VARO OBREG흁,RES PARQUE SANTA FE,308
11357,첿VARO OBREG흁,VILLA VERDUM,3244
11358,첿VARO OBREG흁,LOMAS DE AXOMIATLA,1055
11212,첿VARO OBREG흁,CARLOS A MADRAZO,1324
11257,첿VARO OBREG흁,REACOMODO CORPUS CHRISTI,719
11218,첿VARO OBREG흁,TLAYACAPA,723
11264,첿VARO OBREG흁,COOPERATIVA UNION OLIVOS,641
11216,첿VARO OBREG흁,UNIDAD HAB ANTONIO CARRILLO FLORES,1020
11261,첿VARO OBREG흁,TEPOPOTLA,677
11217,첿VARO OBREG흁,19 DE MAYO,1194
11204,첿VARO OBREG흁,2DA AMPLIACION JALALPA EL GRANDE,4264
11260,첿VARO OBREG흁,EL CUERVO,680
11288,첿VARO OBREG흁,LOMAS DE TARANGO REACOMODO,548
11362,첿VARO OBREG흁,RINCON DE LA BOLSA,1946
11370,첿VARO OBREG흁,LOMAS DE LOS CEDROS,4353
11368,첿VARO OBREG흁,LOMAS DE LA HERA,14086
11104,첿VARO OBREG흁,COVE,5662
11106,첿VARO OBREG흁,LAS AMERICAS,39
11091,첿VARO OBREG흁,LA CONCHITA,2620
11125,첿VARO OBREG흁,PRIMERA VICTORIA REACOMODO,2197
11237,첿VARO OBREG흁,ALFALFAR,1915
11236,첿VARO OBREG흁,ALFONSO XIII,7935
11326,첿VARO OBREG흁,LAS AGUILAS,3424
11066,첿VARO OBREG흁,LOS ALPES,3189
11077,첿VARO OBREG흁,CHIMALISTAC,967
11065,첿VARO OBREG흁,SAN ANGEL,3092
11200,첿VARO OBREG흁,JALALPA,4907
11205,첿VARO OBREG흁,AMPL JALALPA,2694
11223,첿VARO OBREG흁,OLIVAR DEL CONDE 2DA SECC,11188
11224,첿VARO OBREG흁,OLIVAR DEL CONDE 3RA SECC,4215
11231,첿VARO OBREG흁,HOGAR Y REDENCION,4310
11186,첿VARO OBREG흁,AMPL LAS GOLONDRINAS,3031
11340,첿VARO OBREG흁,PARQUE LAS AGUILAS,271
11300,첿VARO OBREG흁,PUERTA GRANDE,2012
11295,첿VARO OBREG흁,FRACCIONAMIENTO EX HDA TARANGO,730
11335,첿VARO OBREG흁,LAS AGUILAS 1RA SECCION,3593
11101,첿VARO OBREG흁,LIBERALES DE 1857,5744
11350,첿VARO OBREG흁,LOMAS DE LOS ANGELES TETELPAN,5799
11269,첿VARO OBREG흁,VILLA PROGRESISTA,1536
11139,첿VARO OBREG흁,SANTA FE,4984
11258,첿VARO OBREG흁,AMPL CORPUS CHRISTI,1832
11178,첿VARO OBREG흁,LA CA헤DA,949
11352,첿VARO OBREG흁,LOMAS DE SAN ANGEL INN,1920
11120,첿VARO OBREG흁,SEDE DELEGACIONAL,1682
11084,첿VARO OBREG흁,TIZAPAN,2587
11312,첿VARO OBREG흁,TLACUITLAPA AMPLIACION 2DO REACOMODO,1611
11299,첿VARO OBREG흁,LOS JURISTAS,1511
11302,첿VARO OBREG흁,REACOMODO LOMAS PUERTA GRANDE,1683
11301,첿VARO OBREG흁,PUERTA GRANDE AMPLIACION,2158
11275,첿VARO OBREG흁,TEPEACA,3124
11274,첿VARO OBREG흁,AMPL TEPEACA,1469
11250,첿VARO OBREG흁,GARCIMARRERO,3287
11277,첿VARO OBREG흁,AVE REAL,1236
11207,첿VARO OBREG흁,PILOTO ADOLFO LOPEZ MATEOS,4830
11251,첿VARO OBREG흁,GARCIMARRERO NORTE,3185
11202,첿VARO OBREG흁,JALAPA TEPITO 2A AMPLIACION,3003
11206,첿VARO OBREG흁,AMPL PILOTO ADOLFO LOPEZ MATEOS,4780
11252,첿VARO OBREG흁,ESTADO DE HIDALGO,1572
11253,첿VARO OBREG흁,AMPL ESTADO DE HIDALGO,1016
11249,첿VARO OBREG흁,LOS CEDROS,1795
11254,첿VARO OBREG흁,EL PIRU,1731
11263,첿VARO OBREG흁,ACUILOTLA,1160
11267,첿VARO OBREG흁,BALCONES DE CEGUAYO,1367
11309,첿VARO OBREG흁,TLACUITLAPA,2344
11310,첿VARO OBREG흁,TLACUITLAPA 1ER REACOMODO,3307
11303,첿VARO OBREG흁,AMPLIACION TLACUITLAPA II,412
11313,첿VARO OBREG흁,AMPLIACION TLACUITLAPA,464
11307,첿VARO OBREG흁,LA MILAGROSA,745
11314,첿VARO OBREG흁,EL RUEDO,223
11167,첿VARO OBREG흁,AMPL LA CEBADA,1282
11164,첿VARO OBREG흁,TECOLALCO,1758
11153,첿VARO OBREG흁,EL PIRU 2A AMPLIACION,2433
11201,첿VARO OBREG흁,JALALPATEPITO,3378
11154,첿VARO OBREG흁,GRAL ANTONIO ROSALES,578
11214,첿VARO OBREG흁,BEJERO,1598
11211,첿VARO OBREG흁,SAN GABRIEL,174
11165,첿VARO OBREG흁,AMPL EL ARBOL,1741
11160,첿VARO OBREG흁,PUEBLO NUEVO,295
11161,첿VARO OBREG흁,LADERA GRANDE CEBADILLA,719
11163,첿VARO OBREG흁,MARGARITA MAZA DE JUAREZ,561
11166,첿VARO OBREG흁,EL ARBOL,345
11158,첿VARO OBREG흁,CAMPO DE TIRO LOS GAMITOS,118
11156,첿VARO OBREG흁,LOS GAMITOS,852
11155,첿VARO OBREG흁,LA HUERTA,1271
11159,첿VARO OBREG흁,EL PIRU (SANTA FE),1001
11170,첿VARO OBREG흁,LA MEXICANA,4204
11304,첿VARO OBREG흁,LOMAS DE PUERTA GRANDE,765
11283,첿VARO OBREG흁,PARQUE TARANGO,766
11282,첿VARO OBREG흁,EJIDO SAN MATEO,182
11284,첿VARO OBREG흁,BOSQUES DE TARANGO,186
11210,첿VARO OBREG흁,CASA DEL AGRONOMO,103
11265,첿VARO OBREG흁,LLANO REDONDO,3302
11331,첿VARO OBREG흁,LOMAS DE LAS AGUILAS,2647
11321,첿VARO OBREG흁,LA JOYITA,431
11329,첿VARO OBREG흁,PUENTE COLORADO,1699
11320,첿VARO OBREG흁,CERRADA DEL POTRERO,600
11328,첿VARO OBREG흁,ALCANTARILLA,3130
11327,첿VARO OBREG흁,LOMAS DE GUADALUPE,1187
11367,첿VARO OBREG흁,TLACOYAQUE,3430
11365,첿VARO OBREG흁,LOMAS DE CHAMONTOYA,4533
11111,첿VARO OBREG흁,UNIDAD HAB POPULAR TEPEACA,2368
11266,첿VARO OBREG흁,PUNTA DE CEGUAYO,2047
11270,첿VARO OBREG흁,DOS RIOS,937
11311,첿VARO OBREG흁,TLACUITLAPA 2DO REACOMODO,447
11289,첿VARO OBREG흁,EL RINCON,310
11272,첿VARO OBREG흁,ATLAMAXAC,572
11256,첿VARO OBREG흁,PIRU XOCOMECATLA,70
11255,첿VARO OBREG흁,EL POLITACO,468
11308,첿VARO OBREG흁,PALMAS AXOTITLA,1206
11268,첿VARO OBREG흁,CEGUAYA,878
11271,첿VARO OBREG흁,AMPL DOS RIOS,527
11146,첿VARO OBREG흁,CUEVITAS,1258
11174,첿VARO OBREG흁,1133,124
11280,첿VARO OBREG흁,CANUTILLO 3RA SECC,163
11338,첿VARO OBREG흁,LA MARTINICA II,1939
11339,첿VARO OBREG흁,AMPL LAS AGUILAS,6034
11296,첿VARO OBREG흁,LA MARTINICA,1122
11294,첿VARO OBREG흁,ARCOS DEL CENTENARIO,428
11318,첿VARO OBREG흁,TECALCAPA,646
11333,첿VARO OBREG흁,LA PE헬TA,1827
11346,첿VARO OBREG흁,SAN JOSE DEL OLIVAR,949
11317,첿VARO OBREG흁,SEGUNDA DEL MORAL,1445
11330,첿VARO OBREG흁,AMPL PUENTE COLORADO,4615
11323,첿VARO OBREG흁,EL MIRADOR,935
11322,첿VARO OBREG흁,EL ENCINO,523
11316,첿VARO OBREG흁,SAN AGUSTIN,5
11334,첿VARO OBREG흁,SAN CLEMENTE NORTE,3691
11349,첿VARO OBREG흁,CAMINO REAL DE TETELPAN,2811
11086,첿VARO OBREG흁,LORETO,375
11078,첿VARO OBREG흁,PROGRESO TIZAPAN,1513
11188,첿VARO OBREG흁,ALVARO OBREGON DESARROLLO URBANO,2523
11189,첿VARO OBREG흁,DESARROLLO URBANO EL PIRU,2545
11136,첿VARO OBREG흁,SANTA FE INFONAVIT,1002
11172,첿VARO OBREG흁,LA PALMITA,1037
11177,첿VARO OBREG흁,LA CA헤DA 2DA SECC,1223
11134,첿VARO OBREG흁,ARTURO MARTINEZ,1439
11183,첿VARO OBREG흁,LAS GOLONDRINAS 1RA SECC,4263
11184,첿VARO OBREG흁,LAS GOLONDRINAS 2DA SECC,3597
11173,첿VARO OBREG흁,LIBERACION PROLETARIA,1152
11199,첿VARO OBREG흁,PRESIDENTES,5253
11187,첿VARO OBREG흁,EL TEJOCOTE,642
11179,첿VARO OBREG흁,LA CA헤DA 1RA SECC,597
11168,첿VARO OBREG흁,ESTRELLA,394
11278,첿VARO OBREG흁,CANUTILLO,1577
11305,첿VARO OBREG흁,HERON PROAL,1951
11279,첿VARO OBREG흁,PRIVADA CENTENARIO,3030
11325,첿VARO OBREG흁,AMPL LOS ALPES,2819
11342,첿VARO OBREG흁,LOMA BONITA,102
11068,첿VARO OBREG흁,AXOTLA,2638
11070,첿VARO OBREG흁,CAMPESTRE,1612
11072,첿VARO OBREG흁,TLACOPAC,1516
11071,첿VARO OBREG흁,AGUILAS SECCION HORNOS,514
11074,첿VARO OBREG흁,GUADALUPE CHIMALISTAC,700
11073,첿VARO OBREG흁,AGRICOLA,425
11176,첿VARO OBREG흁,CALZADA DE JALALPA,3940
11181,첿VARO OBREG흁,LA PRESA SECC HORNOS,1727
11135,첿VARO OBREG흁,PROLONGACION A MARTINEZ,668
11298,첿VARO OBREG흁,MINA LOS COYOTES,1707
11306,첿VARO OBREG흁,PONCIANO ARRIAGA,1231
11276,첿VARO OBREG흁,LA PERA INFONAVIT,1052
11281,첿VARO OBREG흁,HUEYTLALE,526
11293,첿VARO OBREG흁,COLINAS DE TARANGO,626
11324,첿VARO OBREG흁,PILARES AGUILAS,2079
11232,첿VARO OBREG흁,MIXCOAC,1429
11292,첿VARO OBREG흁,SOCIEDAD COOPERATIVA PODER POPULAR,702
11351,첿VARO OBREG흁,MIGUEL HIDALGO,784
11348,첿VARO OBREG흁,TIZAMPAMPANO,2020
11343,첿VARO OBREG흁,ATLAMAYA,1707
11076,첿VARO OBREG흁,SAN ANGEL INN,865
11083,첿VARO OBREG흁,RES ANTIGUA SAN JACINTO,591
11315,첿VARO OBREG흁,OCOTILLOS,11
11171,첿VARO OBREG흁,LA MEXICANA 2A AMPLIACION,316
11138,첿VARO OBREG흁,PANTEON SANTA FE,371
11140,첿VARO OBREG흁,LOMAS DE SANTA FE,641
11098,첿VARO OBREG흁,BELEN DE LAS FLORES SECCION TURBINA,19
11095,첿VARO OBREG흁,BELEN DE LAS FLORES SECCION PABELLONES,161
11208,첿VARO OBREG흁,2DA AMPL PRESIDENTES,5329
11226,첿VARO OBREG흁,PALMAS,2336
11145,첿VARO OBREG흁,COMPA헬A DE LUZ,155
11147,첿VARO OBREG흁,EL CUERNITO,858
11149,첿VARO OBREG흁,REAL DEL BOSQUE,534
11151,첿VARO OBREG흁,BONANZA,1468
11102,첿VARO OBREG흁,BELEN DE LAS FLORES,480
11194,첿VARO OBREG흁,LA JOYA,2484
11124,첿VARO OBREG흁,MARIA G DE GARCIA RUIZ,3105
11148,첿VARO OBREG흁,MARTIRES DE TACUBAYA,299
11193,첿VARO OBREG흁,FRANCISCO VILLA,3649
11103,첿VARO OBREG흁,BELEN DE LAS FLORES REACOMODO,713
11131,첿VARO OBREG흁,SAN PEDRO DE LOS PINOS,46
11113,첿VARO OBREG흁,UNIDAD HAB MOLINO SANTO DOMINGO,1673
11089,첿VARO OBREG흁,LOMAS DE SANTO DOMINGO,1317
11222,첿VARO OBREG흁,GALEANA,1319
11122,첿VARO OBREG흁,AMPL BOSQUES 2DA SECC,1422
11108,첿VARO OBREG흁,U SEARS ROEBUCK,355
11240,첿VARO OBREG흁,LA CASCADA,782
11093,첿VARO OBREG흁,BELEN DE LAS FLORES SECCION LOMITA,236
11097,첿VARO OBREG흁,BELEN DE LAS FLORES SECCION RELLENO,34
11094,첿VARO OBREG흁,BELEN DE LAS FLORES SECCION ORIENTE,77
11096,첿VARO OBREG흁,BELEN DE LAS FLORES SECCION RANCHERIA,59
11235,첿VARO OBREG흁,BATALLON DE SAN PATRICIO,971
11233,첿VARO OBREG흁,U. CA헤DA DEL OLIVAR,900
11075,첿VARO OBREG흁,ALTAVISTA,575
11341,첿VARO OBREG흁,LA HERRADURA,271
11085,첿VARO OBREG흁,LA OTRA BANDA,1317
11082,첿VARO OBREG흁,LORETO Y CAMPAMENTO,900
11081,첿VARO OBREG흁,ERMITA TIZAPAN,1744
11079,첿VARO OBREG흁,BATAN BARRIO VIEJO,493
11126,첿VARO OBREG흁,VICTORIA 1RA SECC BOSQUES,3476
11180,첿VARO OBREG흁,LA PRESA,939
11195,첿VARO OBREG흁,UNIDAD HAB LOMAS DE BECERRA,1932
11196,첿VARO OBREG흁,ARVIDE,1078
11191,첿VARO OBREG흁,EL CUERNITO 35,2414
11182,첿VARO OBREG흁,LAS GOLONDRINAS,1909
11198,첿VARO OBREG흁,EL RODEO,410
11129,첿VARO OBREG흁,ABRAHAM GONZALEZ,314
11197,첿VARO OBREG흁,CUERNITO BECERRA REACOMODO,2763
11123,첿VARO OBREG흁,CRISTO REY,1086
11092,첿VARO OBREG흁,BELEN DE LAS FLORES SECCION CUCHILLA,969
11109,첿VARO OBREG흁,ACUEDUCTO,3606
11117,첿VARO OBREG흁,JOSE MARIA PINO SUAREZ,1522
11100,첿VARO OBREG흁,LAS PALMAS,1521
11116,첿VARO OBREG흁,REACOMODO PINO SUAREZ,860
11115,첿VARO OBREG흁,MOLINO DE SANTO DOMINGO,5136
11099,첿VARO OBREG흁,EL CAPULIN,919
11087,첿VARO OBREG흁,REACOMODO LOMAS DE SANTO DOMINGO,568
11112,첿VARO OBREG흁,REAL DEL MONTE,1116
11110,첿VARO OBREG흁,AMPLIACION HIDALGO,353
11088,첿VARO OBREG흁,UNIDAD HAB LOMAS DE STO DOMINGO,314
11105,첿VARO OBREG흁,HIDALGO,1941
11220,첿VARO OBREG흁,OLIVAR DEL CONDE 1RA SECC,13449
11219,첿VARO OBREG흁,PRECONCRETO,1088
11229,첿VARO OBREG흁,SANTA MARIA NONOALCO,3980
11238,첿VARO OBREG흁,MOLINO DE ROSAS,7406
11228,첿VARO OBREG흁,SACRAMENTO,1322
11119,첿VARO OBREG흁,CENTRAL CAMIONERA PONIENTE,0
11369,첿VARO OBREG흁,LOMAS DEL CAPULIN,1249
13131,XOCHIMILCO,CALYEQUITA,1566
13139,XOCHIMILCO,SANTA MARIA DE LOS OLIVOS,66
12608,TL첻UAC,DR FRANCISCO CABRERA,3910
12604,TL첻UAC,MIGUEL HIDALGO,21166
12626,TL첻UAC,SANTA ANA PONIENTE,19101
12621,TL첻UAC,AGRICOLA METROPOLITANA,9466
12617,TL첻UAC,DEL MAR,14141
12640,TL첻UAC,PUEBLO SAN FRANCISCO TLALTENCO,6303
12653,TL첻UAC,GUADALUPE TLALTENCO,3918
12639,TL첻UAC,COCHINITA A,5085
12636,TL첻UAC,CONCHITA B,7441
12637,TL첻UAC,LA CONCHITA ZAPOTITLAN,4354
12631,TL첻UAC,SANTIAGO SUR,5313
12606,TL첻UAC,ZAPOTITLAN,9196
12625,TL첻UAC,SANTA ANA NORTE,4960
12592,TL첻UAC,PUEBLO TULYEHUALCO,4971
12587,TL첻UAC,BARRIO GUADALUPE,1589
12586,TL첻UAC,SANTA ANA,1153
12583,TL첻UAC,SAN JUAN,610
12662,TL첻UAC,FRANCISCO VILLA,691
12660,TL첻UAC,BARRIO LA LUPITA,2307
12638,TL첻UAC,AMPL LA CONCHITA,5981
12624,TL첻UAC,SANTA ANA CENTRO,1664
12627,TL첻UAC,SANTA ANA SUR,2300
12581,TL첻UAC,SANTA CECILIA,6207
12655,TL첻UAC,EL TRIANGULO,710
12644,TL첻UAC,SELENE 2A SECCION,7958
12594,TL첻UAC,SAN ANDRES,3869
12582,TL첻UAC,SAN JOSE,8402
12633,TL첻UAC,GUTIERREZ NAJERA,3450
12634,TL첻UAC,ZAPOTITLA-TLAHUAC,1373
12620,TL첻UAC,VILLA CENTROAMERICANA Y DEL CARIBE,9057
12635,TL첻UAC,LA ESTACION,10494
12618,TL첻UAC,VILLAS LA DRAGA,6370
12613,TL첻UAC,LA NOPALERA,6981
12612,TL첻UAC,AMADO NERVO,203
12641,TL첻UAC,JOSE LOPEZ PORTILLO,4157
12632,TL첻UAC,BARRIO SANTIAGO ZAPOTITLAN,1908
12605,TL첻UAC,SAN MIGUEL ZAPOTITLA,574
12646,TL첻UAC,SAN FRANCISCO TLALTENCO,1007
12645,TL첻UAC,3 DE MAYO,1627
12614,TL첻UAC,GRANJAS CABRERA,1828
13142,XOCHIMILCO,OLIVAR DE SANTA MARIA,2126
13137,XOCHIMILCO,2A SECC LOS CERRILLOS,5631
12667,TL첻UAC,EL ROSARIO,4582
12629,TL첻UAC,SANTIAGO CENTRO,2252
12616,TL첻UAC,AMPL MIGUEL HIDALGO,4109
12630,TL첻UAC,SANTIAGO NORTE,967
12623,TL첻UAC,SAN MIGUEL,2347
12609,TL첻UAC,LOS OLIVOS,1808
12657,TL첻UAC,SAN AGUSTIN,2899
12664,TL첻UAC,LA LOMA,1455
12663,TL첻UAC,ZONA RUSTICA,415
12593,TL첻UAC,QUIAHUATLA,2991
13132,XOCHIMILCO,SAN SEBASTIAN,5677
12585,TL첻UAC,LA HABANA,2352
12590,TL첻UAC,BARRIO SAN MIGUEL,2173
12589,TL첻UAC,BARRIO LA MAGDALENA,1275
12584,TL첻UAC,BARRIO SAN MATEO,6684
12643,TL첻UAC,SELENE 1A SECCION,8078
12651,TL첻UAC,LAS PUERTAS,786
12628,TL첻UAC,SANTA ANA ZAPOTITLAN,2108
12611,TL첻UAC,LAS ARBOLEDAS,720
12607,TL첻UAC,SAN JERONIMO,1165
12580,TL첻UAC,BARRIO LA ASUNCION,3064
12615,TL첻UAC,LA TURBA,2253
12591,TL첻UAC,BARRIO LOS REYES,4156
12661,TL첻UAC,LA ASUNCION,1763
13140,XOCHIMILCO,SANTA MARIA NATIVITAS,1081
12619,TL첻UAC,TENOCHTITLAN,1077
12622,TL첻UAC,MULTIROL TLAXCANES (HERRADURA TLAXCANES),499
12652,TL첻UAC,ZACATENCO,2080
12654,TL첻UAC,OJO DE AGUA,3342
12649,TL첻UAC,AMPL SELENE,5616
12648,TL첻UAC,ZONA DE RESERVA ECOLOGICA,45
12650,TL첻UAC,DEPORTIVA CET 1,9
12676,TL첻UAC,SAN AGUSTIN MIXQUIC,2844
12677,TL첻UAC,BARRIO SAN MIGUEL MIXQUIC,3987
12674,TL첻UAC,BARRIO LOS REYES MIXQUIC,3017
12675,TL첻UAC,SANTA CRUZ MIXQUIC,2010
12673,TL첻UAC,BARRIO SAN BARTOLO MIXQUIC,2378
12665,TL첻UAC,JAIME TORRES BODET,3016
12666,TL첻UAC,TIERRA BLANCA,4572
12656,TL첻UAC,BARRIO LA SOLEDAD,689
12672,TL첻UAC,VILLA TLATEMPA,864
12670,TL첻UAC,JARDINES DEL LLANO,1253
12668,TL첻UAC,EMILIANO ZAPATA,2007
12658,TL첻UAC,LA CONCEPCION,810
12659,TL첻UAC,SAN JUAN IXTAYOPAN,443
12671,TL첻UAC,POTRERO DEL LLANO,608
12681,TL첻UAC,TEPANTITLAMILCO,531
12680,TL첻UAC,SAN NICOLAS TETELCO,2525
12598,TL첻UAC,SAN MIGUEL YECAHUIZOTL,3601
12600,TL첻UAC,BARRIO LA GUADALUPE,898
12602,TL첻UAC,SANTA CATARINA AMPLIACION,773
12603,TL첻UAC,BARRIO CONCEPCION,1773
12596,TL첻UAC,GUADALUPE YECAHUIZOTL,1127
12601,TL첻UAC,BARRIO SANTIAGO,1391
12855,TLALPAN,LA PALMA,9108
12856,TLALPAN,MAGDALENA PETLACALCO,8648
12743,TLALPAN,AMPL MIGUEL HIDALGO 3A SECCION,16780
12704,TLALPAN,EQUIPAMIENTO FABRICA FISISA,1634
12828,TLALPAN,PARQUE NACIONAL FUENTES BROTANTES,9550
13081,XOCHIMILCO,VALLE VERDE,997
13083,XOCHIMILCO,PLAN DE AYALA,5770
13079,XOCHIMILCO,TEPETITLA,3497
13082,XOCHIMILCO,DOLORES TLALI,2862
12857,TLALPAN,SAN MIGUEL XICALCO,4572
12819,TLALPAN,VILLA COAPA,69
12807,TLALPAN,EX HACIENDA SAN JUAN DE DIOS,5809
12822,TLALPAN,MAGISTERIAL VILLA ROYALE,1519
12842,TLALPAN,DIAMANTE,976
12841,TLALPAN,CUCHILLA TEPEXIMILPA,295
12739,TLALPAN,LOMAS DE BELVEDERE,6669
12887,TLALPAN,SAN PEDRO MARTIR,14446
12699,TLALPAN,CANTERA PUENTE DE PIEDRA,2596
12750,TLALPAN,LA PRIMAVERA,2877
12818,TLALPAN,UNID HAB NARCISO MENDOZA 5 VILLA COAPA,3782
12795,TLALPAN,SAN LORENZO HUIPULCO,7200
12880,TLALPAN,CHIMALCOYOTL,1336
12829,TLALPAN,LA MESA,7953
12706,TLALPAN,SAN PEDRO APOSTOL,1229
12884,TLALPAN,VALLE DE TEPEPAN,6933
12874,TLALPAN,COLINAS DEL BOSQUE,783
12823,TLALPAN,SAN ANDRES TOTOLTEPEC,19035
12759,TLALPAN,CONDOMINIO TRES FUENTES,1845
12853,TLALPAN,EL MIRADOR 3RA SECC,1540
12913,TLALPAN,CHIMILLI,2615
12877,TLALPAN,FRACC CLUB DE GOLF MEXICO,870
12751,TLALPAN,SOLIDARIDAD,1078
12904,TLALPAN,LOMAS DE CUILOTEPEC,2720
12736,TLALPAN,JOSE LOPEZ PORTILLO,2538
12714,TLALPAN,PEDREGAL DE SAN NICOLAS 4TA SECC,13339
12713,TLALPAN,PEDREGAL DE SAN NICOLAS 3RA SECC,9521
12893,TLALPAN,SAN MIGUEL AJUSCO,13738
12908,TLALPAN,BOSQUES DEL PEDREGAL,12351
12892,TLALPAN,MARIA ESTHER ZUNO DE ECHEVERRIA,2344
12882,TLALPAN,UNID HAB FOVISSSTE SAN PEDRO MARTIR,1600
12886,TLALPAN,LA NOPALERA,1811
12732,TLALPAN,JARDINES EN LA MONTA헤,4916
12752,TLALPAN,PARAJE 38,2718
12730,TLALPAN,HEROES DE PADIERNA,14035
12753,TLALPAN,VERANO,3759
12695,TLALPAN,FRACC INSURGENTES CUICUILCO,314
12697,TLALPAN,ISIDRO FABELA,11114
12708,TLALPAN,ROMULO SANCHEZ MIRELES,462
12707,TLALPAN,BARRIO SAN FERNANDO,857
12726,TLALPAN,POPULAR SANTA TERESA,7139
12728,TLALPAN,LOMAS DE PADIERNA,20478
12729,TLALPAN,EMILIO PORTES GIL,2381
12816,TLALPAN,RESIDENCIAL VILLA COAPA SUPER MANZANA 4,1167
12813,TLALPAN,NARCISO MENDOZA SUPER MANZANA 4 VILLA COAPA,3068
12814,TLALPAN,NARCIZO MENDOZA SUPER MANZANA 6 VILLA COAPA,3088
12876,TLALPAN,ARENAL TEPEPAN,790
12815,TLALPAN,RESIDENCIAL VILLA COAPA SUPER MANZANA 1,926
12784,TLALPAN,VERGEL DEL SUR - FRACCIONAMIENTO -,380
12786,TLALPAN,VERGEL DE COYOACAN,1420
12804,TLALPAN,AMSA,781
12821,TLALPAN,LAS HADAS,981
12801,TLALPAN,FRACC RINCON DE SAN JUAN,353
12800,TLALPAN,HACIENDA DE SAN JUAN,1465
12809,TLALPAN,ARENAL DE GUADALUPE,656
12808,TLALPAN,GUADALUPE,1642
12810,TLALPAN,GUADALUPE TLALPAN,383
12783,TLALPAN,VERGEL DEL SUR,0
12848,TLALPAN,TLALCOLIGIA,9606
12846,TLALPAN,UNIDAD HAB RES INSURGENTES SUR,2331
12748,TLALPAN,BARRIO LA LONJA,1900
12747,TLALPAN,DE CARAMAGUEY,1098
12685,TLALPAN,MIGUEL HIDALGO,9512
12749,TLALPAN,BARRIO LA FAMA,1800
12827,TLALPAN,CAMISETA CALVARIO,148
12741,TLALPAN,MIGUEL HIDALGO 1A. SECCION,4659
12745,TLALPAN,BOSQUE DE TLALPAN,2598
12878,TLALPAN,UNIDAD HAB ISSFAM,3020
12849,TLALPAN,PEDREGAL DE LAS AGUILAS,3828
12834,TLALPAN,EL CONVENTO,2627
12843,TLALPAN,CANTERA,394
12831,TLALPAN,SANTA URSULA XITLA,4427
12830,TLALPAN,PEDREGAL SANTA URSULA XITLA,1720
12687,TLALPAN,TLALPAN CENTRO II,5855
12703,TLALPAN,ZONA ARQUEOLOGICA DE CUICUILCO,0
12696,TLALPAN,VILLA OLIMPICA MIGUEL HIDALGO,1916
12693,TLALPAN,PARQUES DEL PEDREGAL,1127
12883,TLALPAN,EJIDOS DE SN PEDRO MARTIR,7952
12698,TLALPAN,ISIDRO FABELA SECC CANTIL,3258
12889,TLALPAN,TLALMILLE,3300
12890,TLALPAN,MIRADOR DEL VALLE,2318
12891,TLALPAN,PARAJE TETENCO,1949
12838,TLALPAN,PEQUE헤 TEPEXIMILPA,998
12742,TLALPAN,MIGUEL HIDALGO 2A SECCION,6358
12844,TLALPAN,SANTISIMA TRINIDAD,2106
12702,TLALPAN,TORIELLO GUERRA,4106
12787,TLALPAN,FRACC PRADO COAPA 1RA SECC,1190
12763,TLALPAN,FLORESTA COYOACAN,1597
12756,TLALPAN,NUEVA ORIENTAL COAPA,2272
12769,TLALPAN,LOTERIA NACIONAL,507
12771,TLALPAN,TENORIOS FOVISSSTE,943
12770,TLALPAN,VILLA DE BENALMADENA,62
12774,TLALPAN,GRANJAS COAPA,4772
12772,TLALPAN,RINCONADA COAPA 1RA SECC,797
12794,TLALPAN,VILLA CUEMANCO,293
12825,TLALPAN,NUEVO RENACIMIENTO DE AXALCO,2571
12826,TLALPAN,TECORRAL,5187
12686,TLALPAN,TLALPAN CENTRO I,3897
12711,TLALPAN,LA JOYA,1394
12712,TLALPAN,TORRES TLALPAN FOVISSSTE,1102
12851,TLALPAN,EL MIRADOR I,2301
12852,TLALPAN,EL MIRADOR 2DA SECC,1183
12875,TLALPAN,LAS TORTOLAS,1313
12701,TLALPAN,COMUNEROS SANTA URSULA,1972
12845,TLALPAN,TEMASTITITLA,1431
12840,TLALPAN,TEPEXIMILPA SERVIMET,1488
12768,TLALPAN,TENORIOS INFONAVIT 2,1304
12767,TLALPAN,TENORIOS INFONAVIT 1,781
12793,TLALPAN,MAGISTERIAL,1032
12775,TLALPAN,SAUZALES CEBADALES - UNIDAD HABITACIONAL -,1802
12700,TLALPAN,PUEBLO QUIETO,1843
12888,TLALPAN,VALLE VERDE,5572
12881,TLALPAN,VILLA TLALPAN,123
12850,TLALPAN,LOS VOLCANES,4851
12727,TLALPAN,JARDINES DEL AJUSCO,3664
12692,TLALPAN,PARQUE NACIONAL BOSQUE DEL PEDREGAL,673
12723,TLALPAN,UNIDAD HAB PEMEX,1327
12744,TLALPAN,AMPL MIGUEL HIDALGO 4TA SECC,3527
12879,TLALPAN,FRACC SAN BUENAVENTURA,730
12710,TLALPAN,BELISARIO DOMINGUEZ SECCION XVI,2121
12709,TLALPAN,BARRIO NI헲 JESUS,2062
12705,TLALPAN,PE헤 POBRE,585
12746,TLALPAN,EL BOSQUE,350
12839,TLALPAN,SAN JUAN TEPEXIMILPA,975
12832,TLALPAN,TEPETONGO,2008
12688,TLALPAN,EL CAPULIN,2202
12689,TLALPAN,EL METRO,754
12824,TLALPAN,EL DIVISADERO,1700
12803,TLALPAN,SAN BARTOLO EL CHICO,1811
12812,TLALPAN,NARCISO MENDOZA SUPER MANZANA 3 VILLA COAPA,3669
12835,TLALPAN,TEXCALTENCO,120
12836,TLALPAN,TLAXACALTENGO (LA MESA),254
12761,TLALPAN,VERGEL TLALPAN,426
12798,TLALPAN,HDA DE SAN JUAN DE TLALPAN 2DA SECC,600
12788,TLALPAN,JARDINES VILLA COAPA,1996
12762,TLALPAN,EQUIPAMIENTO PREPARATORIA NUM. 5,91
12760,TLALPAN,FRACC BELISARIO DOMINGUEZ,596
12758,TLALPAN,REAL DEL SUR,511
12757,TLALPAN,VILLA DEL SUR,487
12765,TLALPAN,GABRIEL RAMOS MILLAN,1583
12755,TLALPAN,FRACC RES ACOXPA,768
12764,TLALPAN,VERGEL COAPA,765
12854,TLALPAN,TLALPUENTE,363
12778,TLALPAN,CONJUNTO INFONAVIT CUEMANCO,932
12777,TLALPAN,VILLA DEL PUENTE,1615
12781,TLALPAN,IGNACIO CHAVEZ,715
12779,TLALPAN,CONJUNTO URBANO COAPA,967
12722,TLALPAN,RESIDENCIAL DEL PEDREGAL,390
12721,TLALPAN,RINCON DEL PEDREGAL,226
12725,TLALPAN,LOS FRAMBOYANES,862
12799,TLALPAN,ARBOLEDAS DEL SUR,5814
12796,TLALPAN,VILLA LAZARO CARDENAS,2986
12820,TLALPAN,EQUIPAMIENTO PLAZA COAPA,669
12790,TLALPAN,PRADO COAPA 3RA SECC,1632
12776,TLALPAN,PERIFERICO UNIDAD HABITACIONAL,191
12837,TLALPAN,LOMA BONITA,169
12766,TLALPAN,RINCONADA COAPA 2DA SECC,745
12773,TLALPAN,FRACC RES HACIENDA COAPA,299
12797,TLALPAN,FRACC RES CHIMALI,658
12811,TLALPAN,NARCISO MENDOZA SUPER MANZANA 2 VILLA COAPA,3504
12802,TLALPAN,GLORIETA DE VAQUERITOS,0
12806,TLALPAN,RANCHO LOS COLORINES,537
12738,TLALPAN,CRUZ DEL FAROL,1167
12780,TLALPAN,UNIDAD HAB HUESO PERIFERICO,1573
12782,TLALPAN,INFONAVIT DOCTOR IGNACIO CHAVEZ,1699
13019,XOCHIMILCO,SANTA MARIA TEPEPAN,8058
12873,TLALPAN,VALLE ESCONDIDO,4415
12885,TLALPAN,FUENTES DE TEPEPAN,1373
12785,TLALPAN,EQUIPAMIENTO COLEGIO MEXICO,108
12690,TLALPAN,RINCONADA SANTA TERESA,842
12805,TLALPAN,EX EJIDO DE HUIPULCO,0
12817,TLALPAN,RESIDENCIAL VILLA COAPA SUPER MANZANA 8,1192
12847,TLALPAN,BARRIO EL TRUENITO,1222
12789,TLALPAN,PRADO COAPA 2DA SECC,1361
12733,TLALPAN,CUCHILLA DE PADIERNA,3166
12735,TLALPAN,CULTURA MAYA,3797
12906,TLALPAN,SAN NICOLAS II,675
12902,TLALPAN,BELVEDERE,3562
12912,TLALPAN,RINCON DEL MIRADOR II,3059
12731,TLALPAN,TORRES DE PADIERNA,2283
12740,TLALPAN,LOMAS HIDALGO,2578
12907,TLALPAN,VISTAS DEL PEDREGAL,2583
12791,TLALPAN,CONJUNTO RES VILLA PRADO COAPA,102
12792,TLALPAN,POTRERO ACOXPA,260
12909,TLALPAN,2 DE OCTUBRE,4089
12914,TLALPAN,EJIDOS SAN ANDRES,755
12911,TLALPAN,RINCON DEL MIRADOR I,1078
12734,TLALPAN,LOMAS DEL PEDREGAL,767
12719,TLALPAN,CHICHICASPATL,4184
12715,TLALPAN,PEDREGAL DE SAN NICOLAS 5TA SECC,2948
12716,TLALPAN,SECTOR 17,2016
12737,TLALPAN,LOS ENCINOS,2067
12910,TLALPAN,LOMAS ALTAS DE PADIERNA SUR,5163
12903,TLALPAN,BELVEDERE DE ESLAVA,673
12865,TLALPAN,SAN MIGUEL TOPILEJO,21870
12868,TLALPAN,ZONA RUSTICA,735
12915,TLALPAN,PARRES EL GUARDA,335
12899,TLALPAN,TEQUIMILA,541
12901,TLALPAN,SANTO TOMAS AJUSCO,11579
12896,TLALPAN,JARDINES DE SAN JUAN,2965
12894,TLALPAN,LA VENTA,316
12897,TLALPAN,LA ESTACION,28
12898,TLALPAN,TECUENTITLA,305
12895,TLALPAN,AMPL LA VENTA,67
12900,TLALPAN,PRADOS AJUSCO,306
12867,TLALPAN,SANTA CRUZ,2188
12863,TLALPAN,PEDREGAL DE AMINCO,1995
12861,TLALPAN,LOS ARCOS,424
12858,TLALPAN,LAS FLORES,1804
12862,TLALPAN,OCOTLA,240
12866,TLALPAN,SAN MIGUEL TOXIAC,539
12870,TLALPAN,IXTLAHUACA,146
12864,TLALPAN,SAN MIGUEL TEHUISCO,2247
12871,TLALPAN,LA GUADALUPANA,1533
12859,TLALPAN,LIBERTAD,543
13033,XOCHIMILCO,BARRIO 18,5565
13038,XOCHIMILCO,SAN LORENZO LA CEBADA,18261
13010,XOCHIMILCO,EJIDOS DE TEPEPAN,1507
13043,XOCHIMILCO,AMPL SAN MARCOS NORTE,5801
13138,XOCHIMILCO,3A SECC LOS CERRILLOS,6613
13119,XOCHIMILCO,SAN LUIS TLAXIALTEMALCO,4868
13024,XOCHIMILCO,INFONAVIT DIVISION DEL NORTE,816
13042,XOCHIMILCO,TOLTENCO,2443
13161,XOCHIMILCO,PEDREGAL DE SAN FRANCISCO,1493
13074,XOCHIMILCO,SANTIAGO TEPALCATLALPAN,12259
13056,XOCHIMILCO,EJIDO SANTA CRUZ XOCHITEPEC,10819
13078,XOCHIMILCO,SAN JOSE ZACATEPEC,2714
13146,XOCHIMILCO,PROGRESO,837
13087,XOCHIMILCO,LA CA헤DA,502
13069,XOCHIMILCO,CALTONGO,14972
13135,XOCHIMILCO,CRISTO REY,4069
13136,XOCHIMILCO,1A SECC LOS CERRILLOS,1253
13141,XOCHIMILCO,NATIVITAS,1939
13130,XOCHIMILCO,LA GUADALUPITA TULYEHUALCO,2474
13115,XOCHIMILCO,SAN GREGORIO ATLAPULCO,23887
13123,XOCHIMILCO,SAN JUAN MOYOTEPEC,3315
13133,XOCHIMILCO,SAN FELIPE DE JESUS,2517
13127,XOCHIMILCO,DEL CARMEN,6119
13118,XOCHIMILCO,LOS REYES,198
13116,XOCHIMILCO,SAN MIGUEL,1765
13108,XOCHIMILCO,TECACALANCO,2111
13121,XOCHIMILCO,GUADALUPANA,6453
13157,XOCHIMILCO,SANTA CECILIA TEPETLAPA,10582
13124,XOCHIMILCO,SAN JUAN MINAS,2404
13111,XOCHIMILCO,SANTA CRUZ ACALPIXCA,11596
13045,XOCHIMILCO,LA ASUNCION,3457
13004,XOCHIMILCO,LA CONCEPCION TLACOAPA,3317
13044,XOCHIMILCO,DIVISION DEL NORTE,1137
13028,XOCHIMILCO,POTRERO DE SAN BERNARDINO,2792
13051,XOCHIMILCO,FRACC JARDINES DEL SUR,4042
13023,XOCHIMILCO,HUICHAPAN,1706
13025,XOCHIMILCO,LA ENRAMADA,764
13050,XOCHIMILCO,TIERRA NUEVA,1860
13030,XOCHIMILCO,VILLA XOCHIMILCO,957
13085,XOCHIMILCO,SAN LUCAS XOCHIMANCA,11144
13114,XOCHIMILCO,SAN ANDRES,2180
13068,XOCHIMILCO,XALTOCAN,8557
13071,XOCHIMILCO,INFONAVIT NATIVITAS,2046
13093,XOCHIMILCO,LOMAS DE TONALCO,2092
13100,XOCHIMILCO,PUEBLO NATIVITAS,8390
13055,XOCHIMILCO,LOS MORALES,1800
13075,XOCHIMILCO,ACOCA,946
13039,XOCHIMILCO,LA CIENEGA CHICA,2661
13059,XOCHIMILCO,LA GUADALUPITA CENTRO,1544
13031,XOCHIMILCO,ACUEDUCTO XOCHIMILCO,520
13063,XOCHIMILCO,SAN DIEGO,1578
13003,XOCHIMILCO,SAN JUAN CENTRO,1906
13098,XOCHIMILCO,XOCHIPILLI,2372
13110,XOCHIMILCO,BARRIO LAS FLORES,2176
13099,XOCHIMILCO,A헲 DE JUAREZ,1699
13094,XOCHIMILCO,SAN JERONIMO,2422
13095,XOCHIMILCO,JAZMIN,483
13097,XOCHIMILCO,TEJOMULCO EL BAJO,1016
13057,XOCHIMILCO,EL MIRADOR,2417
13022,XOCHIMILCO,EL ENCANTO,1147
13021,XOCHIMILCO,AMPL TEPEPAN,908
13077,XOCHIMILCO,LA CONCHA,2137
13047,XOCHIMILCO,RESIDENCIAL SANTIAGO,111
13048,XOCHIMILCO,RINCONADA DEL SUR,2695
13029,XOCHIMILCO,VILLA DE LA NORIA,188
13018,XOCHIMILCO,SAN JUAN TEPEPAN,8918
13020,XOCHIMILCO,TEPEPAN,4258
13008,XOCHIMILCO,BOSQUES RESIDENCIAL CIPRES,439
13016,XOCHIMILCO,ALDAMA,731
13007,XOCHIMILCO,BOSQUES RES DEL SUR,2981
13015,XOCHIMILCO,SAN BARTOLO EL CHICO,439
13009,XOCHIMILCO,BOSQUES RESIDENCIAL SUR,891
13034,XOCHIMILCO,PISTA OLIMPICA VIRGILIO URIBE (CANAL DE CUEMANCO),423
13096,XOCHIMILCO,RANCHO TEJOMULCO,1421
13112,XOCHIMILCO,LA PLANTA,2397
13013,XOCHIMILCO,PASEOS DEL SUR,1280
13090,XOCHIMILCO,SAN LORENZO ATEMOAYA,2431
13070,XOCHIMILCO,SAN PEDRO,1326
13035,XOCHIMILCO,VASO DE REGULACION,77
13017,XOCHIMILCO,ARCOS DEL SUR,371
13011,XOCHIMILCO,LAS PERITAS,799
13012,XOCHIMILCO,MISIONES DE LA NORIA,1078
13032,XOCHIMILCO,CANTAROS,897
13054,XOCHIMILCO,UNIDAD HAB CORPORACION XOCHIMILCO,1203
13089,XOCHIMILCO,LORETO Y PE헤 POBRE,975
13086,XOCHIMILCO,UNIDAD HAB NATIVITAS,348
13103,XOCHIMILCO,AMPL NATIVITAS LA JOYA,3063
13080,XOCHIMILCO,TLAXOPAN 1RA Y 2DA SECC,1782
13104,XOCHIMILCO,LOMAS DE NATIVITAS,4607
13148,XOCHIMILCO,SAN ANDRES AHUAYUCAN,9006
13066,XOCHIMILCO,SAN CRISTOBAL,2437
13065,XOCHIMILCO,LA SANTISIMA,1166
13143,XOCHIMILCO,SAN MATEO XALPA,14432
13088,XOCHIMILCO,ORIENTE,4656
13041,XOCHIMILCO,SAN MARCOS NORTE,4882
13005,XOCHIMILCO,SAN ANTONIO,3061
13049,XOCHIMILCO,SAN MARCOS,4827
13062,XOCHIMILCO,EL ROSARIO,627
13113,XOCHIMILCO,LAS CRUCES,0
13101,XOCHIMILCO,TEJOMULCO EL ALTO,1307
13064,XOCHIMILCO,SAN ESTEBAN,1385
13046,XOCHIMILCO,SAN LORENZO,4134
13107,XOCHIMILCO,LA JOYA DE VARGAS,3692
13147,XOCHIMILCO,EL ARENAL,1104
13122,XOCHIMILCO,SAN JUAN TLAXIALTEMALCO,1790
13120,XOCHIMILCO,SAN JOSE,2641
13060,XOCHIMILCO,SANTA CRUCITA,399
13106,XOCHIMILCO,AMPL NATIVITAS,1684
13091,XOCHIMILCO,DIF,287
13061,XOCHIMILCO,BELEN,1142
13067,XOCHIMILCO,TABLAS DE SAN LORENZO,660
13058,XOCHIMILCO,GUADALUPITA,654
13006,XOCHIMILCO,BOSQUES DEL SUR,424
13155,XOCHIMILCO,EL CEDRAL,559
13153,XOCHIMILCO,SANTA CRUZ DE GUADALUPE,859
13144,XOCHIMILCO,TLALTEPETLA,180
13156,XOCHIMILCO,NUEVA TOTOTITLA,284
13105,XOCHIMILCO,TELONCOCHABACANO,30
13152,XOCHIMILCO,CHAPULTEPEC,1126
13149,XOCHIMILCO,SANTA INES,3837
13159,XOCHIMILCO,SAN FRANCISCO TLALNEPANTLA,5481
13150,XOCHIMILCO,GUADALUPE,3295
13014,XOCHIMILCO,RESIDENCIAL ALDAMA,950
13072,XOCHIMILCO,CANAL 11,913
13129,XOCHIMILCO,SAN ISIDRO,1006
13126,XOCHIMILCO,QUIRINO MENDOZA,1021
13128,XOCHIMILCO,LAS ANIMAS,1668
13125,XOCHIMILCO,JUSTICIA SOCIAL,238
13134,XOCHIMILCO,SANTIAGUITO,604
13084,XOCHIMILCO,XOCHIMILCO,366
13052,XOCHIMILCO,REDENCION,303
13092,XOCHIMILCO,MANANTIALES,100
13151,XOCHIMILCO,SANTA CRUZ CHAVARRIETA,1989
13145,XOCHIMILCO,DURAZNOTITLA,1070
13073,XOCHIMILCO,HACIENDA SAN PABLO,1336
13027,XOCHIMILCO,LA NORIA,160
13109,XOCHIMILCO,TEHUIXTITLA,95
13160,XOCHIMILCO,TEPOZANES,93
13036,XOCHIMILCO,ANAHUAC,59
13117,XOCHIMILCO,3 DE MAYO,372
13154,XOCHIMILCO,SAN JUAN DE LOS LAGOS,210
11514,BENITO JUREZ,POSTAL,4078
11513,BENITO JUREZ,ALAMOS,19120
11500,BENITO JUREZ,DEL VALLE,22931
11516,BENITO JUREZ,JOSEFA ORTIZ DE DOMINGUEZ,1375
11517,BENITO JUREZ,NI헲S HEROES DE CHAPULTEPEC,8555
11496,BENITO JUREZ,NARVARTE ORIENTE,26314
11495,BENITO JUREZ,NARVARTE PONIENTE,24723
11498,BENITO JUREZ,DEL VALLE CENTRO,19275
11499,BENITO JUREZ,INSURGENTES SAN BORJA,1232
11528,BENITO JUREZ,VERTIZ NARVARTE,6544
11542,BENITO JUREZ,NAPOLES,12106
11540,BENITO JUREZ,SAN PEDRO DE LOS PINOS,12369
11541,BENITO JUREZ,AMPL NAPOLES,3019
11535,BENITO JUREZ,NONOALCO,8762
11518,BENITO JUREZ,NATIVITAS,10265
11493,BENITO JUREZ,PIEDAD NARVARTE,4387
11521,BENITO JUREZ,VILLA DE CORTES,2606
11546,BENITO JUREZ,MIXCOAC,3801
11534,BENITO JUREZ,SAN SIMON TICUMAC,11286
11522,BENITO JUREZ,MARIA DEL CARMEN,2781
11506,BENITO JUREZ,PORTALES SUR,15991
11512,BENITO JUREZ,GRAL PEDRO MARIA ANAYA,6477
11549,BENITO JUREZ,CREDITO CONSTRUCTOR,781
11505,BENITO JUREZ,ACACIAS,5845
11511,BENITO JUREZ,XOCO,4002
11508,BENITO JUREZ,SANTA CRUZ ATOYAC,7519
11510,BENITO JUREZ,FRACC RES EMPERADORES,1341
11501,BENITO JUREZ,DEL VALLE SUR,21216
11545,BENITO JUREZ,SAN JOSE INSURGENTES,5958
11547,BENITO JUREZ,INSURGENTES MIXCOAC,3970
11502,BENITO JUREZ,TLACOQUEMECATL,7091
11524,BENITO JUREZ,ALBERT,3208
11532,BENITO JUREZ,DEL LAGO,437
11531,BENITO JUREZ,INDEPENDENCIA,10003
11538,BENITO JUREZ,SAN JUAN,4278
11537,BENITO JUREZ,NOCHE BUENA,2257
11530,BENITO JUREZ,PERIODISTA FRANCISCO ZARCO,924
11529,BENITO JUREZ,AMERICAS UNIDAS,3400
11536,BENITO JUREZ,CIUDAD DE LOS DEPORTES,4100
11544,BENITO JUREZ,8 DE AGOSTO,1740
11509,BENITO JUREZ,U HAB EMILIANO ZAPATA,1081
11507,BENITO JUREZ,PORTALES NORTE,20924
11520,BENITO JUREZ,IZTACCIHUATL,2889
11503,BENITO JUREZ,CENTRO URBANO PRESIDENTE ALEMAN,2745
11515,BENITO JUREZ,MIGUEL ALEMAN,1096
11539,BENITO JUREZ,EXTREMADURA INSURGENTES,2024
11494,BENITO JUREZ,ATENOR SALA,1935
11533,BENITO JUREZ,LETRAN VALLE,9815
11497,BENITO JUREZ,U HAB IMSS NARVARTE,986
11504,BENITO JUREZ,ACTIPAN,2864
11527,BENITO JUREZ,ERMITA,1396
11526,BENITO JUREZ,MIRAVALLE,2615
11525,BENITO JUREZ,PORTALES ORIENTE,4718
11523,BENITO JUREZ,ZACAHUITZCO,1825
11548,BENITO JUREZ,MERCED GOMEZ,1543
11543,BENITO JUREZ,U HAB 8 DE AGOSTO,964
11825,CUAUHT텘OC,TRANSITO,9225
11820,CUAUHT텘OC,DOCTORES,44703
11815,CUAUHT텘OC,ATLAMPA,8050
11832,CUAUHT텘OC,UNIDAD HAB NONOALCO TLATELOLCO,27843
11801,CUAUHT텘OC,TABACALERA,3267
11833,CUAUHT텘OC,SAN SIMON TOLNAHUAC,9885
11811,CUAUHT텘OC,GUERRERO,42339
11800,CUAUHT텘OC,CENTRO,61249
11817,CUAUHT텘OC,CUAUHTEMOC,11399
11803,CUAUHT텘OC,CONDESA,8453
11808,CUAUHT텘OC,EX HIPODROMO DE PERALVILLO,11379
11806,CUAUHT텘OC,PERALVILLO,20213
11813,CUAUHT텘OC,SANTA MARIA LA RIBERA,41072
11812,CUAUHT텘OC,BUENAVISTA,15493
11826,CUAUHT텘OC,ESPERANZA,4567
11829,CUAUHT텘OC,PAULINO NAVARRO,5307
11822,CUAUHT텘OC,ROMA SUR,16951
11818,CUAUHT텘OC,JUAREZ,10164
11804,CUAUHT텘OC,HIPODROMO DE LA CONDESA,3204
11802,CUAUHT텘OC,HIPODROMO,13626
11828,CUAUHT텘OC,VISTA ALEGRE,3377
11831,CUAUHT텘OC,AMPL ASTURIAS,5708
11827,CUAUHT텘OC,ASTURIAS,4364
11824,CUAUHT텘OC,OBRERA,35224
11814,CUAUHT텘OC,SANTA MARIA INSURGENTES,7863
11816,CUAUHT텘OC,SAN RAFAEL,19684
11805,CUAUHT텘OC,MORELOS,36590
11807,CUAUHT텘OC,VALLE GOMEZ,6281
11819,CUAUHT텘OC,ROMA NORTE,27570
11821,CUAUHT텘OC,CENTRO URBANO BENITO JUAREZ,630
11830,CUAUHT텘OC,ALGARIN,5556
11823,CUAUHT텘OC,BUENOS AIRES,5772
11810,CUAUHT텘OC,FELIPE PESCADOR,1758
11809,CUAUHT텘OC,MAZA,3065
12464,MIGUEL HIDALGO,LOMAS DE SOTELO,495
12458,MIGUEL HIDALGO,1RA SECC DEL BOSQUE DE CHAPULTEPEC,92
12459,MIGUEL HIDALGO,2DA SECC DEL BOSQUE DE CHAPULTEPEC,338
12540,MIGUEL HIDALGO,LOMAS DE REFORMA,4357
12454,MIGUEL HIDALGO,LOMAS ALTAS,1932
12529,MIGUEL HIDALGO,REFORMA SOCIAL,13596
12455,MIGUEL HIDALGO,LOMAS DE CHAPULTEPEC,7855
12539,MIGUEL HIDALGO,LOMAS DE BEZARES,3943
12532,MIGUEL HIDALGO,16 DE SEPTIEMBRE,4754
12533,MIGUEL HIDALGO,AMERICA,2679
12534,MIGUEL HIDALGO,DANIEL GARZA,6749
12516,MIGUEL HIDALGO,GRANADA,5842
12531,MIGUEL HIDALGO,ESCANDON,26633
12537,MIGUEL HIDALGO,OBSERVATORIO,5990
12535,MIGUEL HIDALGO,AMPL DANIEL GARZA,3219
12452,MIGUEL HIDALGO,LOMAS DE VIRREYES,2154
12479,MIGUEL HIDALGO,VERONICA ANZURES,3056
12496,MIGUEL HIDALGO,REFORMA PENSIL,7351
12500,MIGUEL HIDALGO,ANAHUAC PERALITOS,2914
12538,MIGUEL HIDALGO,TACUBAYA,8447
12484,MIGUEL HIDALGO,UN HOGAR PARA NOSOTROS,806
12466,MIGUEL HIDALGO,REFINERIA 18 DE MARZO,894
12488,MIGUEL HIDALGO,TLAXPANA,8322
12536,MIGUEL HIDALGO,SAN MIGUEL CHAPULTEPEC,12089
12457,MIGUEL HIDALGO,3RA SECC DEL BOSQUE DE CHAPULTEPEC,290
12494,MIGUEL HIDALGO,PENSIL NORTE,10502
12462,MIGUEL HIDALGO,UNIDAD HAB LOMAS DE SOTELO,5017
12467,MIGUEL HIDALGO,PERIODISTA,716
12524,MIGUEL HIDALGO,BOSQUES DE CHAPULTEPEC,3440
12513,MIGUEL HIDALGO,IRRIGACION,3898
12475,MIGUEL HIDALGO,TORREBLANCA,5285
12492,MIGUEL HIDALGO,LEGARIA,2674
12517,MIGUEL HIDALGO,AMPL GRANADA,3882
12483,MIGUEL HIDALGO,MARINA NACIONAL,1766
12456,MIGUEL HIDALGO,MOLINO DEL REY,574
12481,MIGUEL HIDALGO,ANAHUAC,30082
12478,MIGUEL HIDALGO,SAN DIEGO OCOYOACAC,4399
12509,MIGUEL HIDALGO,POPO,2152
12506,MIGUEL HIDALGO,5 DE MAYO,4481
12512,MIGUEL HIDALGO,PENSIL SUR,2727
12498,MIGUEL HIDALGO,MODELO,1673
12501,MIGUEL HIDALGO,LAGO SUR,2329
12511,MIGUEL HIDALGO,CUAUHTEMOC PENSIL,3612
12515,MIGUEL HIDALGO,LOS MORALES,4361
12514,MIGUEL HIDALGO,DEL BOSQUE,879
12522,MIGUEL HIDALGO,POLANCO CHAPULTEPEC,3868
12523,MIGUEL HIDALGO,RINCON DEL BOSQUE,645
12507,MIGUEL HIDALGO,DEPORTIVA PENSIL,1660
12472,MIGUEL HIDALGO,MEXICO NUEVO,4280
12508,MIGUEL HIDALGO,FRANCISCO I MADERO,2969
12505,MIGUEL HIDALGO,PANTEON FRANCES,18
12460,MIGUEL HIDALGO,MILITAR 1 K LOMAS DE SOTELO,3736
12528,MIGUEL HIDALGO,RESIDENCIAL MILITAR,841
12526,MIGUEL HIDALGO,ANZURES,3598
12482,MIGUEL HIDALGO,CASA BLANCA,1385
12527,MIGUEL HIDALGO,NUEVA ANZURES,1726
12487,MIGUEL HIDALGO,AGRICULTURA,4689
12503,MIGUEL HIDALGO,ANAHUAC DOS LAGOS,893
12510,MIGUEL HIDALGO,AMPL POPO,591
12486,MIGUEL HIDALGO,PLUTARCO ELIAS CALLES,762
12520,MIGUEL HIDALGO,POLANCO REFORMA,5235
12473,MIGUEL HIDALGO,SAN JOAQUIN,3551
12468,MIGUEL HIDALGO,NUEVA ARGENTINA,12764
12461,MIGUEL HIDALGO,UNIDAD HAB LOMA HERMOSA,121
12493,MIGUEL HIDALGO,NEXTITLA,2273
12485,MIGUEL HIDALGO,SANTO TOMAS,561
12525,MIGUEL HIDALGO,CHAPULTEPEC MORALES,7304
12518,MIGUEL HIDALGO,LOS MORALES SECC ALAMEDA,856
12521,MIGUEL HIDALGO,PALMITAS,1529
12497,MIGUEL HIDALGO,SAN JUANICO,3336
12495,MIGUEL HIDALGO,VENTURA PEREZ DE ALBA,2703
12502,MIGUEL HIDALGO,MANZANOS,4380
12490,MIGUEL HIDALGO,TACUBA,11904
12474,MIGUEL HIDALGO,ARGENTINA ANTIGUA,6434
12480,MIGUEL HIDALGO,ANAHUAC MARIANO ESCOBEDO,2918
12463,MIGUEL HIDALGO,LOMA HERMOSA,4268
12470,MIGUEL HIDALGO,10 DE ABRIL,333
12499,MIGUEL HIDALGO,AHUEHUETES ANAHUAC,2168
12519,MIGUEL HIDALGO,LOS MORALES SECC PALMAS,2312
12476,MIGUEL HIDALGO,AMPL TORREBLANCA,3005
12504,MIGUEL HIDALGO,LAGO NORTE,1850
12471,MIGUEL HIDALGO,TATA LAZARO,573
12469,MIGUEL HIDALGO,IGNACIO MANUEL ALTAMIRANO,1247
12453,MIGUEL HIDALGO,REAL DE LOMAS,153
12477,MIGUEL HIDALGO,HUICHAPAN,1656
12465,MIGUEL HIDALGO,SAN LORENZO TLALTENANGO,518
12998,VENUSTIANO CARRANZA,KENNEDY,6075
12994,VENUSTIANO CARRANZA,JARDIN BALBUENA,36642
12961,VENUSTIANO CARRANZA,MOCTEZUMA 2DA SECC,42806
12995,VENUSTIANO CARRANZA,PINO,999
12924,VENUSTIANO CARRANZA,VALLE GOMEZ,9558
12973,VENUSTIANO CARRANZA,EL ARENAL PTO AEREO,4427
12960,VENUSTIANO CARRANZA,PE헲N DE LOS BA헲S,8775
12966,VENUSTIANO CARRANZA,CUCHILLA PANTITLAN,7422
12959,VENUSTIANO CARRANZA,PENSADOR MEXICANO,12864
12950,VENUSTIANO CARRANZA,ROMERO RUBIO,11721
12956,VENUSTIANO CARRANZA,REVOLUCION,4153
12940,VENUSTIANO CARRANZA,AZTECA,1628
12943,VENUSTIANO CARRANZA,VENUSTIANO CARRANZA,3175
12990,VENUSTIANO CARRANZA,MAGDALENA MIXHUCA,11751
12988,VENUSTIANO CARRANZA,ARTES GRAFICAS,4801
12920,VENUSTIANO CARRANZA,CENTRO,15793
12931,VENUSTIANO CARRANZA,MORELOS,34536
12952,VENUSTIANO CARRANZA,AMPL SIMON BOLIVAR,998
12926,VENUSTIANO CARRANZA,POPULAR RASTRO,3374
12949,VENUSTIANO CARRANZA,AMPL 7 DE JULIO,1899
12979,VENUSTIANO CARRANZA,FEDERAL,10051
12963,VENUSTIANO CARRANZA,EL ARENAL 1RA SECC,5571
12976,VENUSTIANO CARRANZA,ADOLFO LOPEZ MATEOS,8864
12983,VENUSTIANO CARRANZA,AVIACION CIVIL,6262
12984,VENUSTIANO CARRANZA,AMPL AVIACION CIVIL,1838
12930,VENUSTIANO CARRANZA,AMPL 20 DE NOVIEMBRE,913
12928,VENUSTIANO CARRANZA,MICHOACANA,583
12939,VENUSTIANO CARRANZA,FELIPE ANGELES,2912
12953,VENUSTIANO CARRANZA,AQUILES SERDAN,8265
12951,VENUSTIANO CARRANZA,SIMON BOLIVAR,5199
12927,VENUSTIANO CARRANZA,EMILIO CARRANZA,4715
12923,VENUSTIANO CARRANZA,JANITZIO,2475
12989,VENUSTIANO CARRANZA,SEVILLA,1805
13000,VENUSTIANO CARRANZA,AERONAUTICA MILITAR,4172
12999,VENUSTIANO CARRANZA,DEL PARQUE,2740
12929,VENUSTIANO CARRANZA,AMPL MICHOACANA,2984
12937,VENUSTIANO CARRANZA,2DO TRAMO 20 DE NOVIEMBRE,3961
12925,VENUSTIANO CARRANZA,NICOLAS BRAVO,2783
12986,VENUSTIANO CARRANZA,MERCED BALBUENA,4200
12985,VENUSTIANO CARRANZA,JAMAICA,2190
12934,VENUSTIANO CARRANZA,10 DE MAYO,1933
12936,VENUSTIANO CARRANZA,20 DE NOVIEMBRE,12062
13001,VENUSTIANO CARRANZA,24 DE ABRIL,432
12987,VENUSTIANO CARRANZA,LORENZO BOTURINI,5549
12991,VENUSTIANO CARRANZA,AARON SAENZ,399
13002,VENUSTIANO CARRANZA,ALVARO OBREGON,3474
12922,VENUSTIANO CARRANZA,UNIDAD CANDELARIA LOS PATOS,2377
12933,VENUSTIANO CARRANZA,PENITENCIARIA,3316
12916,VENUSTIANO CARRANZA,IGNACIO ZARAGOZA,16642
12962,VENUSTIANO CARRANZA,SANTA CRUZ AVIACION,2046
12954,VENUSTIANO CARRANZA,1RO DE MAYO,1810
12955,VENUSTIANO CARRANZA,DAMIAN CARMONA,4306
12958,VENUSTIANO CARRANZA,MOCTEZUMA 1RA SECC,10431
12938,VENUSTIANO CARRANZA,20 DE NOVIEMBRE 5TO TRAMO,2406
12942,VENUSTIANO CARRANZA,AMPL VENUSTIANO CARRANZA,2414
12944,VENUSTIANO CARRANZA,AMPL PENITENCIARIA,973
12948,VENUSTIANO CARRANZA,7 DE JULIO,9
12935,VENUSTIANO CARRANZA,UNIDAD HAB EMILIANO ZAPATA,1029
12947,VENUSTIANO CARRANZA,ESCUELA DE TIRO,213
12921,VENUSTIANO CARRANZA,MORAZAN,264
12997,VENUSTIANO CARRANZA,MORELOS III,232
12996,VENUSTIANO CARRANZA,MORELOS I,186
12975,VENUSTIANO CARRANZA,EL ARENAL 3RA SECC,9551
12972,VENUSTIANO CARRANZA,EL ARENAL 4TA SECC,2518
12977,VENUSTIANO CARRANZA,AMPL ADOLFO LOPEZ MATEOS,5
12967,VENUSTIANO CARRANZA,FICAPRO C UNO 670,308
12978,VENUSTIANO CARRANZA,EL ARENAL 2DA SECC,3292
12981,VENUSTIANO CARRANZA,CUATRO ARBOLES,2323
12980,VENUSTIANO CARRANZA,BAHIA,2400
12919,VENUSTIANO CARRANZA,PUEBLA,6508
12917,VENUSTIANO CARRANZA,INDUSTRIAL PUERTO AEREO,0
12945,VENUSTIANO CARRANZA,MADERO,0
12946,VENUSTIANO CARRANZA,PROGRESISTA,1043
12941,VENUSTIANO CARRANZA,TRES MOSQUETEROS,605
12957,VENUSTIANO CARRANZA,MIGUEL HIDALGO,352
12932,VENUSTIANO CARRANZA,MORELOS II,519
12971,VENUSTIANO CARRANZA,CARACOL,5472
12918,VENUSTIANO CARRANZA,VALENTIN GOMEZ FARIAS,5388
12964,VENUSTIANO CARRANZA,FIVIPORT,5564
12993,VENUSTIANO CARRANZA,VIADUCTO TRONCOSO,514
12992,VENUSTIANO CARRANZA,TRONCOSO,733
12974,VENUSTIANO CARRANZA,AMPL CARACOL,4658
12965,VENUSTIANO CARRANZA,CALLE 6 471,467
12982,VENUSTIANO CARRANZA,SECRETARIA 21,255
