12189,IZTAPALAPA,GUELATAO BENITO JUAREZ,32
11626,COYOACÁN,CIUDAD UNIVERSITARIA,141
11125,ÁLVARO OBREGÓN,PRIMERA VICTORIA REACOMODO,2
11074,ÁLVARO OBREGÓN,GUADALUPE CHIMALISTAC,7
11814,CUAUHTÉMOC,SANTA MARIA INSURGENTES,84
11677,COYOACÁN,SANTA URSULA COAPA,28
11668,COYOACÁN,PEDREGAL SANTA URSULA,106
12377,IZTAPALAPA,ZONA URBANA EJIDAL SAN ANDRÉS TOMATLAN,15
12785,TLALPAN,EQUIPAMIENTO COLEGIO MEXICO,3
12002,GUSTAVO A MADERO,AMPL PROGRESO NACIONAL,23
11997,GUSTAVO A MADERO,CASAS ALEMAN,77
12056,GUSTAVO A MADERO,MARTIRES DE RIO BLANCO,24
12111,IZTACALCO,COYUYA,6
12245,IZTAPALAPA,BANJIDAL,17
12281,IZTAPALAPA,LOMAS DE LA ESTANCIA,24
12152,IZTAPALAPA,BARRIO SAN JOSE,11
12375,IZTAPALAPA,CASA BLANCA,8
12309,IZTAPALAPA,LAS PEÑAS,32
12494,MIGUEL HIDALGO,PENSIL NORTE,20
12531,MIGUEL HIDALGO,ESCANDON,102
12538,MIGUEL HIDALGO,TACUBAYA,114
12617,TLÁHUAC,DEL MAR,43
12601,TLÁHUAC,BARRIO SANTIAGO,2
12636,TLÁHUAC,CONCHITA B,26
12816,TLALPAN,RESIDENCIAL VILLA COAPA SUPER MANZANA 4,14
12920,VENUSTIANO CARRANZA,CENTRO,236
12943,VENUSTIANO CARRANZA,VENUSTIANO CARRANZA,25
11800,CUAUHTÉMOC,CENTRO,674
11291,ÁLVARO OBREGÓN,MERCED GOMEZ,42
11069,ÁLVARO OBREGÓN,FLORIDA,39
11067,ÁLVARO OBREGÓN,GUADALUPE INN,49
11524,BENITO JUÁREZ,ALBERT,13
11495,BENITO JUÁREZ,NARVARTE PONIENTE,122
11564,COYOACÁN,CHURUBUSCO,27
11659,COYOACÁN,CROC CULHUACAN SECC 6 (CTM VI CULHUACAN),8
12330,IZTAPALAPA,BARRIO TULA CULHUACAN,11
11801,CUAUHTÉMOC,TABACALERA,65
11813,CUAUHTÉMOC,SANTA MARIA LA RIBERA,191
11822,CUAUHTÉMOC,ROMA SUR,106
11802,CUAUHTÉMOC,HIPODROMO,95
11819,CUAUHTÉMOC,ROMA NORTE,230
11831,CUAUHTÉMOC,AMPL ASTURIAS,44
11820,CUAUHTÉMOC,DOCTORES,280
12927,VENUSTIANO CARRANZA,EMILIO CARRANZA,30
11811,CUAUHTÉMOC,GUERRERO,177
11864,GUSTAVO A MADERO,LA FORESTAL,16
12007,GUSTAVO A MADERO,NUEVA INDUSTRIAL VALLEJO NORTE,35
11926,GUSTAVO A MADERO,LA CANDELARIA TICOMAN,44
11954,GUSTAVO A MADERO,RES ZACATENCO,44
12031,GUSTAVO A MADERO,DEFENSORES DE LA REPUBLICA,29
11958,GUSTAVO A MADERO,SALVADOR DIAZ MIRON,64
11850,GUSTAVO A MADERO,AMPL GABRIEL HERNANDEZ,32
11962,GUSTAVO A MADERO,NUEVA ATZACOALCO,69
11983,GUSTAVO A MADERO,SAN FELIPE DE JESUS,181
12140,IZTACALCO,REFORMA IZTACCIHUATL NORTE,37
12120,IZTACALCO,LA ASUNCION,8
12116,IZTACALCO,AGRICOLA ORIENTAL,318
12101,IZTACALCO,PANTITLAN,199
12356,IZTAPALAPA,LOS REYES CULHUACAN,16
12161,IZTAPALAPA,CENTRAL DE ABASTOS,277
12335,IZTAPALAPA,LOS CIPRESES,24
12160,IZTAPALAPA,DOCTOR ALFONSO ORTIZ TIRADO,14
12250,IZTAPALAPA,SANTA MARIA AZTAHUACAN,47
12182,IZTAPALAPA,RENOVACION,41
12188,IZTAPALAPA,UNIDAD HAB IGNACIO ZARAGOZA,31
12171,IZTAPALAPA,JUAN ESCUTIA,173
12175,IZTAPALAPA,ZONA URB STA MARTHA ACATITLA NORTE,144
12187,IZTAPALAPA,UNIDAD HAB CABEZA DE JUAREZ,109
12179,IZTAPALAPA,CONJ URBANO POP ERMITA ZARAGOZA,101
12210,IZTAPALAPA,LEYES DE REFORMA,80
12351,IZTAPALAPA,PLAN DE IGUALA,16
12389,IZTAPALAPA,LOMAS ESTRELLA 2DA SECCION,36
12307,IZTAPALAPA,PRESIDENTES DE MEXICO,71
12316,IZTAPALAPA,LOMAS DE SAN LORENZO,107
12296,IZTAPALAPA,ZONA RUSTICA,23
12444,LA MAGDALENA CONTRERAS,LA CRUZ,4
12487,MIGUEL HIDALGO,AGRICULTURA,26
12503,MIGUEL HIDALGO,ANAHUAC DOS LAGOS,10
12574,MILPA ALTA,SAN FRANCISCO TECOXPA,5
12666,TLÁHUAC,TIERRA BLANCA,7
12702,TLALPAN,TORIELLO GUERRA,40
11805,CUAUHTÉMOC,MORELOS,164
12931,VENUSTIANO CARRANZA,MORELOS,151
12994,VENUSTIANO CARRANZA,JARDIN BALBUENA,150
12986,VENUSTIANO CARRANZA,MERCED BALBUENA,48
12976,VENUSTIANO CARRANZA,ADOLFO LOPEZ MATEOS,13
12916,VENUSTIANO CARRANZA,IGNACIO ZARAGOZA,69
13111,XOCHIMILCO,SANTA CRUZ ACALPIXCA,23
13060,XOCHIMILCO,SANTA CRUCITA,26
13039,XOCHIMILCO,LA CIENEGA CHICA,30
12305,IZTAPALAPA,REFORMA POLITICA,39
11124,ÁLVARO OBREGÓN,MARIA G DE GARCIA RUIZ,19
11118,ÁLVARO OBREGÓN,BELLAVISTA,17
11196,ÁLVARO OBREGÓN,ARVIDE,2
11232,ÁLVARO OBREGÓN,MIXCOAC,3
11223,ÁLVARO OBREGÓN,OLIVAR DEL CONDE 2DA SECC,23
11163,ÁLVARO OBREGÓN,MARGARITA MAZA DE JUAREZ,4
11329,ÁLVARO OBREGÓN,PUENTE COLORADO,3
11359,ÁLVARO OBREGÓN,SANTA ROSA XOCHIAC,9
12416,LA MAGDALENA CONTRERAS,PUEBLO SAN BERNABE OCOTEPEC,25
11385,AZCAPOTZALCO,BARRIO NEXTENGO,27
11390,AZCAPOTZALCO,SAN ALVARO,24
11513,BENITO JUÁREZ,ALAMOS,80
11569,COYOACÁN,COUNTRY CLUB,36
11703,COYOACÁN,EMILIANO ZAPATA,19
11575,COYOACÁN,SAN FRANCISCO CULHUACAN,33
11832,CUAUHTÉMOC,UNIDAD HAB NONOALCO TLATELOLCO,55
12369,IZTAPALAPA,EL RODEO,13
11828,CUAUHTÉMOC,VISTA ALEGRE,22
11915,GUSTAVO A MADERO,EL ARBOLILLO CTM,16
11835,GUSTAVO A MADERO,SANTA ISABEL TOLA,87
12029,GUSTAVO A MADERO,PANAMERICANA,11
12032,GUSTAVO A MADERO,GUADALUPE VICTORIA,24
11924,GUSTAVO A MADERO,LINDAVISTA,141
12035,GUSTAVO A MADERO,ESTRELLA,67
12039,GUSTAVO A MADERO,GERTRUDIS SANCHEZ 2DA SECC,38
12093,GUSTAVO A MADERO,AMPL SAN JUAN DE ARAGON CTM,7
12162,IZTAPALAPA,LOS PASEOS DE CHURUBUSCO,32
12119,IZTACALCO,INFONAVIT SUR 20,12
12205,IZTAPALAPA,LEYES DE REFORMA 1RA SECCION,20
12275,IZTAPALAPA,SAN MIGUEL TEOTONGO (SECC LAS TORR),30
12357,IZTAPALAPA,Z URB EJ LOS REYES CULHUACAN,14
12163,IZTAPALAPA,ESCUADRON 201,47
12282,IZTAPALAPA,XALPA,105
12203,IZTAPALAPA,UNIDAD HAB SANTA CRUZ MEYEHUALCO,94
12183,IZTAPALAPA,TEPALCATES,80
12191,IZTAPALAPA,UNIDAD HAB EJERCITO DE ORIENTE,68
12185,IZTAPALAPA,UNID HAB EJERC CONSTITUCIONALISTA,104
12399,IZTAPALAPA,EL MOLINO TEZONCO,20
12312,IZTAPALAPA,CONGRESO AGRARISTA MEXICANO,69
12299,IZTAPALAPA,VALLE DE SAN LORENZO,54
12713,TLALPAN,PEDREGAL DE SAN NICOLAS 3RA SECC,19
12639,TLÁHUAC,COCHINITA A,20
12620,TLÁHUAC,VILLA CENTROAMERICANA Y DEL CARIBE,19
12604,TLÁHUAC,MIGUEL HIDALGO,56
12675,TLÁHUAC,SANTA CRUZ MIXQUIC,4
12609,TLÁHUAC,LOS OLIVOS,25
12714,TLALPAN,PEDREGAL DE SAN NICOLAS 4TA SECC,23
12828,TLALPAN,PARQUE NACIONAL FUENTES BROTANTES,20
12705,TLALPAN,PEÑA POBRE,6
12795,TLALPAN,SAN LORENZO HUIPULCO,54
12856,TLALPAN,MAGDALENA PETLACALCO,11
12686,TLALPAN,TLALPAN CENTRO I,39
12799,TLALPAN,ARBOLEDAS DEL SUR,20
12948,VENUSTIANO CARRANZA,7 DE JULIO,15
12961,VENUSTIANO CARRANZA,MOCTEZUMA 2DA SECC,122
12774,TLALPAN,GRANJAS COAPA,29
13004,XOCHIMILCO,LA CONCEPCION TLACOAPA,2
11377,AZCAPOTZALCO,SAN MARCOS,32
11530,BENITO JUÁREZ,PERIODISTA FRANCISCO ZARCO,4
11496,BENITO JUÁREZ,NARVARTE ORIENTE,94
11501,BENITO JUÁREZ,DEL VALLE SUR,86
11629,COYOACÁN,PEDREGAL DE SANTO DOMINGO,135
11559,COYOACÁN,DEL CARMEN,93
11816,CUAUHTÉMOC,SAN RAFAEL,108
11922,GUSTAVO A MADERO,JORGE NEGRETE,15
12013,GUSTAVO A MADERO,TORRES LINDAVISTA,2
11965,GUSTAVO A MADERO,VASCO DE QUIROGA,36
11961,GUSTAVO A MADERO,UNIDAD HAB EL COYOL,10
11985,GUSTAVO A MADERO,CAMPESTRE ARAGON,76
12055,GUSTAVO A MADERO,VALLEJO,123
12041,GUSTAVO A MADERO,GUADALUPE TEPEYAC,148
12180,IZTAPALAPA,UNIDAD HAB VICENTE GUERRERO,109
12113,IZTACALCO,MARIO MORENO,17
12165,IZTAPALAPA,GRANJAS SAN ANTONIO,36
12164,IZTAPALAPA,SECTOR POPULAR,62
12181,IZTAPALAPA,CHINAMPAC DE JUAREZ,40
12251,IZTAPALAPA,Z URB EJ STA MARIA AZTAHUACAN,104
11651,COYOACÁN,EX EJIDO SAN FRANCISCO CULHUACAN,3
12322,IZTAPALAPA,PUEBLO CULHUACAN,27
12292,IZTAPALAPA,DESARROLLO URBANO QUETZALCOATL,145
12481,MIGUEL HIDALGO,ANAHUAC,105
11817,CUAUHTÉMOC,CUAUHTEMOC,73
12524,MIGUEL HIDALGO,BOSQUES DE CHAPULTEPEC,12
12490,MIGUEL HIDALGO,TACUBA,88
12562,MILPA ALTA,BARRIO AMPL SANTA MARTHA,2
12999,VENUSTIANO CARRANZA,DEL PARQUE,28
13002,VENUSTIANO CARRANZA,ALVARO OBREGON,19
12950,VENUSTIANO CARRANZA,ROMERO RUBIO,34
12382,IZTAPALAPA,VERGEL,31
11224,ÁLVARO OBREGÓN,OLIVAR DEL CONDE 3RA SECC,9
11119,ÁLVARO OBREGÓN,CENTRAL CAMIONERA PONIENTE,12
11239,ÁLVARO OBREGÓN,LOMAS DE PLATEROS,40
11326,ÁLVARO OBREGÓN,LAS AGUILAS,16
11416,AZCAPOTZALCO,SANTA BARBARA,55
11442,AZCAPOTZALCO,SAN MATEO,6
11379,AZCAPOTZALCO,DEL MAESTRO,7
11539,BENITO JUÁREZ,EXTREMADURA INSURGENTES,23
11388,AZCAPOTZALCO,CLAVERIA,51
11500,BENITO JUÁREZ,DEL VALLE,107
11646,COYOACÁN,UNIDAD HAB OBRERO CTM CULHUACAN 5,11
11653,COYOACÁN,INFONAVIT CULHUACAN ZONA 2,7
11767,CUAJIMALPA DE MORELOS,JESUS DEL MONTE,12
11779,CUAJIMALPA DE MORELOS,CENTRO COMERCIAL SANTA FE,20
11777,CUAJIMALPA DE MORELOS,LOMAS DE MEMETLA,3
11818,CUAUHTÉMOC,JUAREZ,109
11803,CUAUHTÉMOC,CONDESA,62
11830,CUAUHTÉMOC,ALGARIN,35
11857,GUSTAVO A MADERO,SAN ANTONIO,3
12058,GUSTAVO A MADERO,NUEVA TENOCHTITLAN,30
12121,IZTACALCO,ZAPOTLA,13
12132,IZTACALCO,GABRIEL RAMOS MILLAN,28
12247,IZTAPALAPA,SINATEL,3
12264,IZTAPALAPA,2DA AMPL SANTIAGO ACAHUALTEPEC,54
12332,IZTAPALAPA,MINERVA,12
12230,IZTAPALAPA,SAN JOSE ACULCO,22
12350,IZTAPALAPA,8VA AMPLIACION SAN MIGUEL,15
12202,IZTAPALAPA,JACARANDAS,38
12174,IZTAPALAPA,SAN LORENZO XICOTENCATL,27
12348,IZTAPALAPA,EL MANTO,16
12345,IZTAPALAPA,LOS ANGELES,96
12402,IZTAPALAPA,CONJUNTO HAB CELOALLIOTLI,23
12293,IZTAPALAPA,PUEBLO SANTA CRUZ MEYEHUALCO,93
12515,MIGUEL HIDALGO,LOS MORALES,14
12516,MIGUEL HIDALGO,GRANADA,40
12517,MIGUEL HIDALGO,AMPL GRANADA,22
12526,MIGUEL HIDALGO,ANZURES,19
12480,MIGUEL HIDALGO,ANAHUAC MARIANO ESCOBEDO,9
12651,TLÁHUAC,LAS PUERTAS,7
12589,TLÁHUAC,BARRIO LA MAGDALENA,11
12716,TLALPAN,SECTOR 17,1
12741,TLALPAN,MIGUEL HIDALGO 1A. SECCION,12
11579,COYOACÁN,AJUSCO,110
12942,VENUSTIANO CARRANZA,AMPL VENUSTIANO CARRANZA,3
12975,VENUSTIANO CARRANZA,EL ARENAL 3RA SECC,17
13035,XOCHIMILCO,VASO DE REGULACION,6
11433,AZCAPOTZALCO,HACIENDA DEL ROSARIO,14
11812,CUAUHTÉMOC,BUENAVISTA,125
11227,ÁLVARO OBREGÓN,MINAS DE CRISTO,14
11072,ÁLVARO OBREGÓN,TLACOPAC,5
11361,ÁLVARO OBREGÓN,TORRES DE POTRERO,23
11411,AZCAPOTZALCO,PASTEROS,22
11473,AZCAPOTZALCO,NUEVA SANTA MARIA,46
11444,AZCAPOTZALCO,UNIDAD HAB PANTACO,2
11387,AZCAPOTZALCO,SECTOR NAVAL,2
11414,AZCAPOTZALCO,VILLA AZCAPOTZALCO,44
11449,AZCAPOTZALCO,AMPL PRO HOGAR,25
11420,AZCAPOTZALCO,INDUSTRIAL VALLEJO,49
11548,BENITO JUÁREZ,MERCED GOMEZ,7
11507,BENITO JUÁREZ,PORTALES NORTE,94
11511,BENITO JUÁREZ,XOCO,27
11714,COYOACÁN,UNIDAD HAB CULHUACAN STUNAM,20
11735,COYOACÁN,VIEJO EJIDO SANTA URSULA COAPA,22
11775,CUAJIMALPA DE MORELOS,EL MOLINITO,4
11869,GUSTAVO A MADERO,ARBOLEDAS DE CUAUTEPEC EL ALTO,8
11891,GUSTAVO A MADERO,CUAUTEPEC DE MADERO,33
12022,GUSTAVO A MADERO,U. PROF. ADOLFO LOPEZ MATEOS,7
12019,GUSTAVO A MADERO,UNIDAD LINDAVISTA VALLEJO,46
11834,GUSTAVO A MADERO,ARAGON,49
11853,GUSTAVO A MADERO,EL RISCO CTM,36
12037,GUSTAVO A MADERO,TRES ESTRELLAS,28
12057,GUSTAVO A MADERO,EMILIANO ZAPATA,11
12051,GUSTAVO A MADERO,TABLAS DE SAN AGUSTIN,30
12059,GUSTAVO A MADERO,CUCHILLA LA JOYA,12
12237,IZTAPALAPA,APATLACO,38
12232,IZTAPALAPA,APATLACO MAGDALENA,3
12192,IZTAPALAPA,EL PARAISO,36
12254,IZTAPALAPA,PUEBLO SANTA MARTHA ACATITLA,56
12261,IZTAPALAPA,EJÉRCITO DE AGUA PRIETA,61
12194,IZTAPALAPA,UNID HAB EJERC DE OTE ZONA PEÑON,57
12368,IZTAPALAPA,CERRO DE LA ESTRELLA,38
12352,IZTAPALAPA,SAN LORENZO TEZONCO,7
12358,IZTAPALAPA,SAN NICOLAS TOLENTINO,7
12304,IZTAPALAPA,LA HERA,29
12429,LA MAGDALENA CONTRERAS,BARROS SIERRA,10
12462,MIGUEL HIDALGO,UNIDAD HAB LOMAS DE SOTELO,22
12537,MIGUEL HIDALGO,OBSERVATORIO,18
12558,MILPA ALTA,BARRIO TECAXTITLA,3
12552,MILPA ALTA,BARRIO XALTIPAC,6
12561,MILPA ALTA,PUEBLO SAN PEDRO ATOCPAN,1
12626,TLÁHUAC,SANTA ANA PONIENTE,40
12685,TLALPAN,MIGUEL HIDALGO,26
12709,TLALPAN,BARRIO NIÑO JESUS,16
12865,TLALPAN,SAN MIGUEL TOPILEJO,29
12883,TLALPAN,EJIDOS DE SN PEDRO MARTIR,15
12697,TLALPAN,ISIDRO FABELA,27
12756,TLALPAN,NUEVA ORIENTAL COAPA,7
12970,VENUSTIANO CARRANZA,AEROPUERTO INTER B JUAREZ,28
12958,VENUSTIANO CARRANZA,MOCTEZUMA 1RA SECC,36
13032,XOCHIMILCO,CANTAROS,3
12963,VENUSTIANO CARRANZA,EL ARENAL 1RA SECC,10
11114,ÁLVARO OBREGÓN,EL PARAISO,12
11325,ÁLVARO OBREGÓN,AMPL LOS ALPES,11
11347,ÁLVARO OBREGÓN,OLIVAR DE LOS PADRES,20
11402,AZCAPOTZALCO,SAN MARTIN XOCHINAHUAC,11
11711,COYOACÁN,LOS JARDINES DE COYOACAN,10
11627,COYOACÁN,CONJUNTO COPILCO UNIVERSIDAD,1
11633,COYOACÁN,ATLANTIDA,13
11649,COYOACÁN,AMPL SAN FRANCISCO CULHUACAN,8
12786,TLALPAN,VERGEL DE COYOACAN,6
11823,CUAUHTÉMOC,BUENOS AIRES,26
11895,GUSTAVO A MADERO,CHALMA DE GUADALUPE,36
11923,GUSTAVO A MADERO,LA PASTORA,28
11916,GUSTAVO A MADERO,ACUEDUCTO DE GUADALUPE,35
11999,GUSTAVO A MADERO,SANTA ROSA,50
12016,GUSTAVO A MADERO,VALLEJO LA PATERA,32
11839,GUSTAVO A MADERO,TEPEYAC INSURGENTES,76
11994,GUSTAVO A MADERO,PROVIDENCIA,75
12937,VENUSTIANO CARRANZA,2DO TRAMO 20 DE NOVIEMBRE,43
12112,IZTACALCO,GRANJAS MEXICO,64
12146,IZTACALCO,IZTACALCO INFONAVIT,87
12225,IZTAPALAPA,SIFON,26
12226,IZTAPALAPA,AMPL SIFON,6
12265,IZTAPALAPA,LOMAS DE ZARAGOZA,29
12371,IZTAPALAPA,PARQUE NACIONAL CERRO DE LA ESTRELLA,6
12212,IZTAPALAPA,CUCHILLAS DEL MORAL I,3
12217,IZTAPALAPA,BARRIO SAN MIGUEL,52
12252,IZTAPALAPA,AMPL Z URB EJ STA MARIA AZTAHUACAN,33
12607,TLÁHUAC,SAN JERONIMO,12
12608,TLÁHUAC,DR FRANCISCO CABRERA,9
12287,IZTAPALAPA,PALMITAS,28
12406,LA MAGDALENA CONTRERAS,LA MALINCHE,11
12484,MIGUEL HIDALGO,UN HOGAR PARA NOSOTROS,8
12529,MIGUEL HIDALGO,REFORMA SOCIAL,25
12534,MIGUEL HIDALGO,DANIEL GARZA,15
12724,TLALPAN,FUENTES DEL PEDREGAL,6
12732,TLALPAN,JARDINES EN LA MONTAÑA,18
12928,VENUSTIANO CARRANZA,MICHOACANA,12
13070,XOCHIMILCO,SAN PEDRO,35
13068,XOCHIMILCO,XALTOCAN,59
11789,CUAJIMALPA DE MORELOS,ABDIAS GARCIA SOTO,7
11190,ÁLVARO OBREGÓN,LOMAS DE BECERRA GRANADA,28
11330,ÁLVARO OBREGÓN,AMPL PUENTE COLORADO,15
11434,AZCAPOTZALCO,PRESIDENTE MADERO,24
11519,BENITO JUÁREZ,MODERNA,42
11526,BENITO JUÁREZ,MIRAVALLE,22
11512,BENITO JUÁREZ,GRAL PEDRO MARIA ANAYA,42
11660,COYOACÁN,UNID OBRERO CTM CULHUACAN SECC 7,34
11753,CUAJIMALPA DE MORELOS,BOSQUES DE LAS LOMAS,4
11808,CUAUHTÉMOC,EX HIPODROMO DE PERALVILLO,33
12479,MIGUEL HIDALGO,VERONICA ANZURES,30
11494,BENITO JUÁREZ,ATENOR SALA,5
11824,CUAUHTÉMOC,OBRERA,167
11918,GUSTAVO A MADERO,ZONA RES ACUEDUCTO DE GUADALUPE,56
11939,GUSTAVO A MADERO,SANTA MARIA TICOMAN,32
11844,GUSTAVO A MADERO,TRIUNFO DE LA REPUBLICA,2
11950,GUSTAVO A MADERO,SAN PEDRO ZACATENCO,8
11845,GUSTAVO A MADERO,MARTIN CARRERA,95
11977,GUSTAVO A MADERO,SANTA COLETA,8
12088,GUSTAVO A MADERO,SAN JUAN DE ARAGON 1RA SECC,51
12953,VENUSTIANO CARRANZA,AQUILES SERDAN,31
12269,IZTAPALAPA,SAN MIGUEL TEOTONGO(SECC CORR),12
12277,IZTAPALAPA,MIGUEL DE LA MADRID,7
12233,IZTAPALAPA,INFONAVIT LOS PICOS,20
12158,IZTAPALAPA,BARRIO SAN IGNACIO,11
12207,IZTAPALAPA,LEYES DE REFORMA 3RA SECCION,38
12176,IZTAPALAPA,FUENTES DE ZARAGOZA,38
12379,IZTAPALAPA,SAN ANDRES TOMATLAN,20
12395,IZTAPALAPA,LA ESPERANZA,48
12310,IZTAPALAPA,AMPL LAS PENAS,21
12186,IZTAPALAPA,CABEZA DE JUAREZ VI,10
12449,LA MAGDALENA CONTRERAS,PUEBLO SAN NICOLAS TOTOLAPAN,21
12455,MIGUEL HIDALGO,LOMAS DE CHAPULTEPEC,34
12584,TLÁHUAC,BARRIO SAN MATEO,17
12908,TLALPAN,BOSQUES DEL PEDREGAL,14
12719,TLALPAN,CHICHICASPATL,5
12850,TLALPAN,LOS VOLCANES,6
12924,VENUSTIANO CARRANZA,VALLE GOMEZ,48
12964,VENUSTIANO CARRANZA,FIVIPORT,2
13132,XOCHIMILCO,SAN SEBASTIAN,17
12102,IZTACALCO,AGUA CALIENTE,16
11371,ÁLVARO OBREGÓN,JARDINES DEL PEDREGAL,63
11066,ÁLVARO OBREGÓN,LOS ALPES,26
11065,ÁLVARO OBREGÓN,SAN ANGEL,36
11259,ÁLVARO OBREGÓN,CORPUS CHRISTI,18
11468,AZCAPOTZALCO,INDUSTRIAL SAN ANTONIO,13
11441,AZCAPOTZALCO,PETROLERA,11
11453,AZCAPOTZALCO,TRABAJADORES DEL HIERRO,13
11567,COYOACÁN,CAMPESTRE CHURUBUSCO,80
11697,COYOACÁN,MODULO SOCIAL IMAN,14
11624,COYOACÁN,COPILCO UNIVERSIDAD,14
11755,CUAJIMALPA DE MORELOS,LOMAS DEL CHAMIZAL 2DA SECC,2
12723,TLALPAN,UNIDAD HAB PEMEX,6
11825,CUAUHTÉMOC,TRANSITO,64
11870,GUSTAVO A MADERO,PARQUE DEL METROPOLITANO,1
12338,IZTAPALAPA,SANTA ISABEL INDUSTRIAL,39
12327,IZTAPALAPA,VALLE DE LUCES 2DA. SECCION,15
12199,IZTAPALAPA,LAS AMÉRICAS,8
12349,IZTAPALAPA,UNIDAD HAB CUITLAHUAC,2
12201,IZTAPALAPA,COLONIAL IZTAPALAPA,9
12178,IZTAPALAPA,UNIDAD HAB LA COLMENA,14
12343,IZTAPALAPA,EL MOLINO,25
12396,IZTAPALAPA,JOSE LOPEZ PORTILLO,57
12635,TLÁHUAC,LA ESTACION,42
12536,MIGUEL HIDALGO,SAN MIGUEL CHAPULTEPEC,56
12655,TLÁHUAC,EL TRIANGULO,9
12730,TLALPAN,HEROES DE PADIERNA,59
12826,TLALPAN,TECORRAL,9
12936,VENUSTIANO CARRANZA,20 DE NOVIEMBRE,46
12979,VENUSTIANO CARRANZA,FEDERAL,29
13066,XOCHIMILCO,SAN CRISTOBAL,7
12812,TLALPAN,NARCISO MENDOZA SUPER MANZANA 3 VILLA COAPA,14
11235,ÁLVARO OBREGÓN,BATALLON DE SAN PATRICIO,1
11120,ÁLVARO OBREGÓN,SEDE DELEGACIONAL,11
11299,ÁLVARO OBREGÓN,LOS JURISTAS,2
11339,ÁLVARO OBREGÓN,AMPL LAS AGUILAS,14
11340,ÁLVARO OBREGÓN,PARQUE LAS AGUILAS,4
11538,BENITO JUÁREZ,SAN JUAN,15
11534,BENITO JUÁREZ,SAN SIMON TICUMAC,35
11642,COYOACÁN,EDUCACION,35
11698,COYOACÁN,EL CARACOL,17
11716,COYOACÁN,UNIDAD HAB OBRERO CTM CULHUACAN 9,11
11700,COYOACÁN,CEDROS,4
11807,CUAUHTÉMOC,VALLE GOMEZ,32
11502,BENITO JUÁREZ,TLACOQUEMECATL,26
12156,IZTAPALAPA,BARRIO SANTA BARBARA,40
11996,GUSTAVO A MADERO,VILLA DE ARAGON,9
12054,GUSTAVO A MADERO,GUADALUPE INSURGENTES,40
12109,IZTACALCO,SANTA ANITA,27
12131,IZTACALCO,TLAZINTLA,14
12289,IZTAPALAPA,IXTLAHUACAN,36
12200,IZTAPALAPA,CONSTITUCION DE 1917,59
12346,IZTAPALAPA,PARAJE SAN JUAN,24
12393,IZTAPALAPA,BARRIO GUADALUPE,29
12394,IZTAPALAPA,BARRIO SAN ANTONIO,69
12472,MIGUEL HIDALGO,MEXICO NUEVO,13
12475,MIGUEL HIDALGO,TORREBLANCA,18
12530,MIGUEL HIDALGO,BOSQUES DE LAS LOMAS,13
12726,TLALPAN,POPULAR SANTA TERESA,9
12829,TLALPAN,LA MESA,12
12887,TLALPAN,SAN PEDRO MARTIR,46
12978,VENUSTIANO CARRANZA,EL ARENAL 2DA SECC,10
13020,XOCHIMILCO,TEPEPAN,16
11142,ÁLVARO OBREGÓN,ZEDEC SANTA FE,7
11297,ÁLVARO OBREGÓN,LOMAS DE TARANGO,9
11199,ÁLVARO OBREGÓN,PRESIDENTES,6
11435,AZCAPOTZALCO,LA PROVIDENCIA,13
11523,BENITO JUÁREZ,ZACAHUITZCO,8
11719,COYOACÁN,CARMEN SERDAN,23
11722,COYOACÁN,LOS GIRASOLES III,15
12064,GUSTAVO A MADERO,SAN JUAN DE ARAGON 7MA SECC,34
12034,GUSTAVO A MADERO,INDUSTRIAL,116
12141,IZTACALCO,SANTIAGO SUR,10
12095,IZTACALCO,GABRIEL RAMOS MILLAN SECC BRAMADERO,38
12235,IZTAPALAPA,PURISIMA ATLAZOLPA,19
12331,IZTAPALAPA,VALLE DE LUCES,11
12355,IZTAPALAPA,SAN JUAN JOYA,14
11806,CUAUHTÉMOC,PERALVILLO,69
12512,MIGUEL HIDALGO,PENSIL SUR,7
12654,TLÁHUAC,OJO DE AGUA,7
13153,XOCHIMILCO,SANTA CRUZ DE GUADALUPE,11
13157,XOCHIMILCO,SANTA CECILIA TEPETLAPA,18
12649,TLÁHUAC,AMPL SELENE,8
12062,GUSTAVO A MADERO,CUCHILLA DEL TESORO,22
11356,ÁLVARO OBREGÓN,RANCHO SAN FRANCISCO,16
11370,ÁLVARO OBREGÓN,LOMAS DE LOS CEDROS,5
11409,AZCAPOTZALCO,TIERRA NUEVA,23
12028,GUSTAVO A MADERO,AMPL PANAMERICANA,9
11525,BENITO JUÁREZ,PORTALES ORIENTE,28
11531,BENITO JUÁREZ,INDEPENDENCIA,35
11520,BENITO JUÁREZ,IZTACCIHUATL,17
11508,BENITO JUÁREZ,SANTA CRUZ ATOYAC,58
11552,COYOACÁN,BARRIO DE SANTA CATARINA,14
11568,COYOACÁN,CHURUBUSCO COUNTRY CLUB,10
11656,COYOACÁN,UNIDAD HAB OBRERO CTM CULHUACAN 6,41
11650,COYOACÁN,PRESIDENTES EJIDALES,13
11809,CUAUHTÉMOC,MAZA,15
11492,AZCAPOTZALCO,LA RAZA,17
11858,GUSTAVO A MADERO,LOMAS DE CUAUTEPEC,16
11871,GUSTAVO A MADERO,JUVENTINO ROSAS,1
11889,GUSTAVO A MADERO,CUAUTEPEC DE MADERO BARRIO BAJO,7
11899,GUSTAVO A MADERO,ZONA ESCOLAR,46
12097,IZTACALCO,AMPL GABRIEL RAMOS MILLAN,19
12271,IZTAPALAPA,SAN MIGUEL TEOTONGO(SECC LA CRUZ),12
12340,IZTAPALAPA,ESTRELLA DEL SUR,8
12258,IZTAPALAPA,ZONA URB STA MARTHA ACATITLA SUR,46
12339,IZTAPALAPA,EL SANTUARIO,25
12354,IZTAPALAPA,PARAJE SAN JUAN 2DA AMPL,10
12317,IZTAPALAPA,PUEBLO SAN LORENZO TEZONCO,48
12278,IZTAPALAPA,SAN FRANCISCO APOLOCALCO,10
11418,AZCAPOTZALCO,SAN ANDRES,21
12489,MIGUEL HIDALGO,POPOTLA,67
12496,MIGUEL HIDALGO,REFORMA PENSIL,13
12508,MIGUEL HIDALGO,FRANCISCO I MADERO,8
12522,MIGUEL HIDALGO,POLANCO CHAPULTEPEC,13
12637,TLÁHUAC,LA CONCHITA ZAPOTITLAN,11
12710,TLALPAN,BELISARIO DOMINGUEZ SECCION XVI,22
12919,VENUSTIANO CARRANZA,PUEBLA,48
11238,ÁLVARO OBREGÓN,MOLINO DE ROSAS,46
11229,ÁLVARO OBREGÓN,SANTA MARIA NONOALCO,9
11185,ÁLVARO OBREGÓN,LOMAS DE CAPULA,16
11257,ÁLVARO OBREGÓN,REACOMODO CORPUS CHRISTI,1
11353,ÁLVARO OBREGÓN,SAN MATEO TLALTENANGO,5
11252,ÁLVARO OBREGÓN,ESTADO DE HIDALGO,6
11105,ÁLVARO OBREGÓN,HIDALGO,5
11546,BENITO JUÁREZ,MIXCOAC,21
11533,BENITO JUÁREZ,LETRAN VALLE,39
11545,BENITO JUÁREZ,SAN JOSE INSURGENTES,49
11527,BENITO JUÁREZ,ERMITA,9
11077,ÁLVARO OBREGÓN,CHIMALISTAC,19
11586,COYOACÁN,OXTOPULCO UNIVERSIDAD,14
11611,COYOACÁN,UNIDAD HAB ROSEDAL,5
11644,COYOACÁN,PETROLERA TAXQUEÑA,10
12392,IZTAPALAPA,BARRIO SAN LORENZO TEZONCO,31
11730,COYOACÁN,UNID OBRERO CTM CULHUACAN SECC 10,18
12361,IZTAPALAPA,SAN JUAN XALPA,40
11903,GUSTAVO A MADERO,EL ARBOLILLO,7
11884,GUSTAVO A MADERO,TLALPEXCO,10
11849,GUSTAVO A MADERO,GABRIEL HERNANDEZ,16
11974,GUSTAVO A MADERO,GRANJAS MODERNAS,26
12103,IZTACALCO,VIADUCTO PIEDAD,33
12118,IZTACALCO,HERMANOS BLANCAS,17
12286,IZTAPALAPA,CITLALLI,24
12337,IZTAPALAPA,RICARDO FLORES MAGON,10
12288,IZTAPALAPA,TENORIOS,29
12302,IZTAPALAPA,LOS ANGELES APANOAYA,32
12488,MIGUEL HIDALGO,TLAXPANA,21
12593,TLÁHUAC,QUIAHUATLA,7
12752,TLALPAN,PARAJE 38,7
12739,TLALPAN,LOMAS DE BELVEDERE,12
13000,VENUSTIANO CARRANZA,AERONAUTICA MILITAR,31
13054,XOCHIMILCO,UNIDAD HAB CORPORACION XOCHIMILCO,5
11117,ÁLVARO OBREGÓN,JOSE MARIA PINO SUAREZ,4
11206,ÁLVARO OBREGÓN,AMPL PILOTO ADOLFO LOPEZ MATEOS,10
11373,AZCAPOTZALCO,SAN RAFAEL,8
11585,COYOACÁN,UNIDAD HAB MONTE DE PIEDAD,19
12701,TLALPAN,COMUNEROS SANTA URSULA,9
11709,COYOACÁN,ESPARTACO,39
11699,COYOACÁN,EX EJIDO SAN PABLO TEPETLAPA,17
12027,GUSTAVO A MADERO,MAGDALENA DE LAS SALINAS,12
12040,GUSTAVO A MADERO,GERTRUDIS SANCHEZ 3A SECCION,30
12137,IZTACALCO,LOS PICOS DE IZTACALCO 1RA SECC,22
12169,IZTAPALAPA,HEROES DE CHURUBUSCO,25
12336,IZTAPALAPA,VALLE DEL SUR,18
12259,IZTAPALAPA,MONTE ALBAN,17
12321,IZTAPALAPA,LUIS ECHEVERRIA ALVAREZ,17
12513,MIGUEL HIDALGO,IRRIGACION,33
12514,MIGUEL HIDALGO,DEL BOSQUE,6
12703,TLALPAN,ZONA ARQUEOLOGICA DE CUICUILCO,14
12796,TLALPAN,VILLA LAZARO CARDENAS,31
12922,VENUSTIANO CARRANZA,UNIDAD CANDELARIA LOS PATOS,18
12087,GUSTAVO A MADERO,EX ESCUELA DE TIRO,4
13001,VENUSTIANO CARRANZA,24 DE ABRIL,3
12966,VENUSTIANO CARRANZA,CUCHILLA PANTITLAN,12
13141,XOCHIMILCO,NATIVITAS,2
13109,XOCHIMILCO,TEHUIXTITLA,1
13130,XOCHIMILCO,LA GUADALUPITA TULYEHUALCO,15
11941,GUSTAVO A MADERO,SAN JOSE TICOMAN,10
11134,ÁLVARO OBREGÓN,ARTURO MARTINEZ,6
11228,ÁLVARO OBREGÓN,SACRAMENTO,6
11194,ÁLVARO OBREGÓN,LA JOYA,5
11104,ÁLVARO OBREGÓN,COVE,27
11236,ÁLVARO OBREGÓN,ALFONSO XIII,47
11209,ÁLVARO OBREGÓN,AMPL PRESIDENTES,9
11234,ÁLVARO OBREGÓN,AMPL HOGAR Y REDENCION,5
11202,ÁLVARO OBREGÓN,JALAPA TEPITO 2A AMPLIACION,8
11292,ÁLVARO OBREGÓN,SOCIEDAD COOPERATIVA PODER POPULAR,15
11417,AZCAPOTZALCO,BARRIO SAN ANDRES,16
11516,BENITO JUÁREZ,JOSEFA ORTIZ DE DOMINGUEZ,7
11514,BENITO JUÁREZ,POSTAL,23
12242,IZTAPALAPA,ZACAHUITZCO,13
11673,COYOACÁN,ADOLFO RUIZ CORTINES,37
11726,COYOACÁN,LAS CAMPANAS,20
12398,IZTAPALAPA,JARDINES DE SAN LORENZO TEZONCO,22
11551,COYOACÁN,VILLA COYOACAN,41
12091,GUSTAVO A MADERO,SAN JUAN DE ARAGON 4TA Y 5TA SECC,43
12020,GUSTAVO A MADERO,CHURUBUSCO TEPEYAC,14
11959,GUSTAVO A MADERO,JUAN GONZALEZ ROMERO,47
11975,GUSTAVO A MADERO,CONSTITUCION DE LA REPUBLICA,49
12038,GUSTAVO A MADERO,GERTRUDIS SANCHEZ 1RA SECC,11
12069,GUSTAVO A MADERO,HEROES DE CHAPULTEPEC,14
12104,IZTACALCO,NUEVA SANTA ANITA,8
12100,IZTACALCO,LIC CARLOS ZAPATA 1RA Y 2DA SECC,40
12241,IZTAPALAPA,SAN ANDRES TETEPILCO,31
12231,IZTAPALAPA,ACULCO,20
12334,IZTAPALAPA,GRANJAS ESMERALDA,26
12410,LA MAGDALENA CONTRERAS,UNIDAD INDEPENDENCIA IMSS,3
12473,MIGUEL HIDALGO,SAN JOAQUIN,10
12482,MIGUEL HIDALGO,CASA BLANCA,5
12453,MIGUEL HIDALGO,REAL DE LOMAS,1
12459,MIGUEL HIDALGO,2DA SECC DEL BOSQUE DE CHAPULTEPEC,13
11144,ÁLVARO OBREGÓN,INDUSTRIAS MILITARES DE SEDENA,5
11540,BENITO JUÁREZ,SAN PEDRO DE LOS PINOS,84
12621,TLÁHUAC,AGRICOLA METROPOLITANA,8
12631,TLÁHUAC,SANTIAGO SUR,25
12643,TLÁHUAC,SELENE 1A SECCION,14
12848,TLALPAN,TLALCOLIGIA,24
12754,TLALPAN,RES MIRAMONTES,12
11827,CUAUHTÉMOC,ASTURIAS,16
12985,VENUSTIANO CARRANZA,JAMAICA,29
12977,VENUSTIANO CARRANZA,AMPL ADOLFO LOPEZ MATEOS,10
13038,XOCHIMILCO,SAN LORENZO LA CEBADA,50
11221,ÁLVARO OBREGÓN,PEZ,7
11175,ÁLVARO OBREGÓN,AMPL LA MEXICANA,18
11254,ÁLVARO OBREGÓN,EL PIRU,3
11169,ÁLVARO OBREGÓN,LA LOMA,8
11394,AZCAPOTZALCO,INFONAVIT EL ROSARIO,78
11517,BENITO JUÁREZ,NIÑOS HEROES DE CHAPULTEPEC,16
11727,COYOACÁN,CAFETALES II,19
11576,COYOACÁN,QUETZACOATL,13
11701,COYOACÁN,CONJ HAB ALIANZA POP REVOLUCIONARIA04800,23
11917,GUSTAVO A MADERO,MODULAR DE ACUEDUCTO,3
12026,GUSTAVO A MADERO,AMPL MAGDALENA DE LAS SALINAS,17
11879,GUSTAVO A MADERO,PALMATITLA,11
12150,IZTACALCO,BENITO JUAREZ,52
12096,IZTACALCO,EX EJIDO MAGDALENA MIXHUCA,19
12255,IZTAPALAPA,PUEBLO SAN SEBASTIAN TECOLOXTITLAN,16
12129,IZTACALCO,SAN MIGUEL,9
12209,IZTAPALAPA,LA PURISIMA,8
12262,IZTAPALAPA,SANTIAGO ACAHUALTEPEC,42
12239,IZTAPALAPA,AMPL EL TRIUNFO,13
12311,IZTAPALAPA,INSURGENTES,19
12447,LA MAGDALENA CONTRERAS,BARRIO PLAZUELA DEL PEDREGAL,4
12485,MIGUEL HIDALGO,SANTO TOMAS,6
12491,MIGUEL HIDALGO,ANGEL ZIMBRON,6
12594,TLÁHUAC,SAN ANDRES,13
12926,VENUSTIANO CARRANZA,POPULAR RASTRO,24
12987,VENUSTIANO CARRANZA,LORENZO BOTURINI,28
13106,XOCHIMILCO,AMPL NATIVITAS,7
12063,GUSTAVO A MADERO,BOSQUE DE SAN JUAN DE ARAGON,31
11225,ÁLVARO OBREGÓN,BARRIO NORTE,19
11187,ÁLVARO OBREGÓN,EL TEJOCOTE,3
11222,ÁLVARO OBREGÓN,GALEANA,4
12421,LA MAGDALENA CONTRERAS,LOMAS DE SAN BERNABE,12
11470,AZCAPOTZALCO,SANTA CRUZ ACAYUCAN,8
11542,BENITO JUÁREZ,NAPOLES,40
11498,BENITO JUÁREZ,DEL VALLE CENTRO,49
11536,BENITO JUÁREZ,CIUDAD DE LOS DEPORTES,27
11606,COYOACÁN,REAL DE LOS REYES 77,1
11591,COYOACÁN,CUADRANTE SAN FRANCISCO,10
11680,COYOACÁN,EJIDO SANTA URSULA COAPA,14
11833,CUAUHTÉMOC,SAN SIMON TOLNAHUAC,32
12290,IZTAPALAPA,MIRAVALLE,19
12391,IZTAPALAPA,UNIDAD HAB BENITO JUAREZ,18
12370,IZTAPALAPA,MARIA ESTHER ZUNO DE ECHEVERRIA,30
12520,MIGUEL HIDALGO,POLANCO REFORMA,34
12546,MILPA ALTA,CENTRO MILPA ALTA,4
12910,TLALPAN,LOMAS ALTAS DE PADIERNA SUR,4
12728,TLALPAN,LOMAS DE PADIERNA,29
13019,XOCHIMILCO,SANTA MARIA TEPEPAN,20
12918,VENUSTIANO CARRANZA,VALENTIN GOMEZ FARIAS,29
11237,ÁLVARO OBREGÓN,ALFALFAR,6
11132,ÁLVARO OBREGÓN,8 DE AGOSTO,12
11374,AZCAPOTZALCO,BARRIO LOS REYES,16
11634,COYOACÁN,CIUDAD JARDIN,16
11566,COYOACÁN,CAMPESTRE,4
11684,COYOACÁN,INFONAVIT,1
11690,COYOACÁN,CONJUNTO HAB PEDREGAL DE CARRASCO,9
12911,TLALPAN,RINCON DEL MIRADOR I,3
11881,GUSTAVO A MADERO,GRAL FELIPE BERRIOZABAL,6
11998,GUSTAVO A MADERO,PROGRESO NACIONAL,59
11956,GUSTAVO A MADERO,MAXIMINO AVILA CAMACHO,12
12153,IZTAPALAPA,BARRIO SAN LUCAS,28
12849,TLALPAN,PEDREGAL DE LAS AGUILAS,9
12742,TLALPAN,MIGUEL HIDALGO 2A SECCION,9
12891,TLALPAN,PARAJE TETENCO,9
12893,TLALPAN,SAN MIGUEL AJUSCO,26
12981,VENUSTIANO CARRANZA,CUATRO ARBOLES,20
13143,XOCHIMILCO,SAN MATEO XALPA,12
13131,XOCHIMILCO,CALYEQUITA,23
13049,XOCHIMILCO,SAN MARCOS,43
13115,XOCHIMILCO,SAN GREGORIO ATLAPULCO,42
11143,ÁLVARO OBREGÓN,CENTRO COMERCIAL LOMAS DE SANTA FE,11
11430,AZCAPOTZALCO,PEMEX PRADOS DEL ROSARIO,6
11521,BENITO JUÁREZ,VILLA DE CORTES,12
11620,COYOACÁN,ALTILLO UNIVERSIDAD,4
11637,COYOACÁN,PUEBLO LA CANDELARIA,12
12438,LA MAGDALENA CONTRERAS,PUEBLO NUEVO ALTO,12
11583,COYOACÁN,CANDELARIA COYOACAN,14
11674,COYOACÁN,EL RELOJ,7
11787,CUAJIMALPA DE MORELOS,EL CONTADERO,8
11081,ÁLVARO OBREGÓN,ERMITA TIZAPAN,5
11860,GUSTAVO A MADERO,MALACATES,4
11964,GUSTAVO A MADERO,DEL OBRERO,9
12044,GUSTAVO A MADERO,7 DE NOVIEMBRE,5
11841,GUSTAVO A MADERO,GUSTAVO A MADERO,31
12061,GUSTAVO A MADERO,MALINCHE,15
12144,IZTACALCO,MILITAR MARTE,29
12300,IZTAPALAPA,MIXCOATL,14
12408,LA MAGDALENA CONTRERAS,CUAUHTEMOC,12
12511,MIGUEL HIDALGO,CUAUHTEMOC PENSIL,18
12463,MIGUEL HIDALGO,LOMA HERMOSA,17
12540,MIGUEL HIDALGO,LOMAS DE REFORMA,3
11804,CUAUHTÉMOC,HIPODROMO DE LA CONDESA,21
12542,MILPA ALTA,BARRIO LOS ANGELES,3
12543,MILPA ALTA,BARRIO SAN MATEO,7
12762,TLALPAN,EQUIPAMIENTO PREPARATORIA NUM. 5,5
12959,VENUSTIANO CARRANZA,PENSADOR MEXICANO,42
12972,VENUSTIANO CARRANZA,EL ARENAL 4TA SECC,4
12971,VENUSTIANO CARRANZA,CARACOL,7
13061,XOCHIMILCO,BELEN,21
11089,ÁLVARO OBREGÓN,LOMAS DE SANTO DOMINGO,5
11137,ÁLVARO OBREGÓN,UNIDAD HAB BELEN,5
11242,ÁLVARO OBREGÓN,SANTA LUCIA,14
11140,ÁLVARO OBREGÓN,LOMAS DE SANTA FE,4
11367,ÁLVARO OBREGÓN,TLACOYAQUE,3
11207,ÁLVARO OBREGÓN,PILOTO ADOLFO LOPEZ MATEOS,10
11505,BENITO JUÁREZ,ACACIAS,7
11518,BENITO JUÁREZ,NATIVITAS,49
11558,COYOACÁN,PARQUE SAN ANDRES,17
11737,CUAJIMALPA DE MORELOS,CUAJIMALPA,19
11815,CUAUHTÉMOC,ATLAMPA,38
11984,GUSTAVO A MADERO,25 DE JULIO,22
11995,GUSTAVO A MADERO,AMPL PROVIDENCIA,14
12052,GUSTAVO A MADERO,AMPL LA JOYITA,6
12078,GUSTAVO A MADERO,SAN JUAN DE ARAGON,26
12114,IZTACALCO,CUCHILLA AGRICOLA ORIENTAL,8
12154,IZTAPALAPA,BARRIO SAN PABLO,14
12249,IZTAPALAPA,EL PRADO,12
12193,IZTAPALAPA,FRACC POPULAR ALVARO OBREGON,29
12373,IZTAPALAPA,UNIDAD HAB BELLAVISTA,10
12308,IZTAPALAPA,LA POLVORILLA,32
12294,IZTAPALAPA,BUENAVISTA,59
12509,MIGUEL HIDALGO,POPO,8
12613,TLÁHUAC,LA NOPALERA,35
12677,TLÁHUAC,BARRIO SAN MIGUEL MIXQUIC,2
12653,TLÁHUAC,GUADALUPE TLALTENCO,5
13155,XOCHIMILCO,EL CEDRAL,2
12765,TLALPAN,GABRIEL RAMOS MILLAN,11
13159,XOCHIMILCO,SAN FRANCISCO TLALNEPANTLA,10
11127,ÁLVARO OBREGÓN,BOSQUES 1RA SECC,12
11133,ÁLVARO OBREGÓN,CAROLA,9
11159,ÁLVARO OBREGÓN,EL PIRU (SANTA FE),1
11352,ÁLVARO OBREGÓN,LOMAS DE SAN ANGEL INN,7
11486,AZCAPOTZALCO,EL PORVENIR,9
11506,BENITO JUÁREZ,PORTALES SUR,54
11563,COYOACÁN,SAN MATEO,14
11648,COYOACÁN,AVANTE,33
11582,COYOACÁN,AMPL LA CANDELARIA,3
12291,IZTAPALAPA,MIGUEL DE LA MADRID HURTADO,14
11883,GUSTAVO A MADERO,VISTA HERMOSA,3
11840,GUSTAVO A MADERO,ATZACOALCO,42
12089,GUSTAVO A MADERO,SAN JUAN DE ARAGON 2DA SECC,37
12060,GUSTAVO A MADERO,LA JOYA,17
12048,GUSTAVO A MADERO,AMPL MARTIRES DE RIO BLANCO,3
12098,IZTACALCO,CUCHILLA GABRIEL RAMOS MILLAN,10
12229,IZTAPALAPA,MAGDALENA ATLAZOLPA,14
12216,IZTAPALAPA,EVA SAMANO DE LOPEZ MATEOS,5
12325,IZTAPALAPA,UNIDAD HAB SAN ANTONIO CULHUACAN,16
12297,IZTAPALAPA,DEGOLLADO,3
12500,MIGUEL HIDALGO,ANAHUAC PERALITOS,6
12610,TLÁHUAC,AMPL LOS OLIVOS,15
12596,TLÁHUAC,GUADALUPE YECAHUIZOTL,3
12641,TLÁHUAC,JOSE LOPEZ PORTILLO,7
12847,TLALPAN,BARRIO EL TRUENITO,1
12727,TLALPAN,JARDINES DEL AJUSCO,16
12946,VENUSTIANO CARRANZA,PROGRESISTA,9
12925,VENUSTIANO CARRANZA,NICOLAS BRAVO,23
12941,VENUSTIANO CARRANZA,TRES MOSQUETEROS,2
11829,CUAUHTÉMOC,PAULINO NAVARRO,15
13116,XOCHIMILCO,SAN MIGUEL,5
11162,ÁLVARO OBREGÓN,LOMAS DE NUEVO MEXICO,4
11384,AZCAPOTZALCO,SINDICATO MEXICANO DE ELECTRICISTAS,9
11478,AZCAPOTZALCO,OBRERO POPULAR,20
11419,AZCAPOTZALCO,SANTA CATARINA,8
11504,BENITO JUÁREZ,ACTIPAN,11
11667,COYOACÁN,CONJUNTO BUENAVISTA,4
11662,COYOACÁN,UNIDAD HAB PILOTO CULHUACAN,19
11798,CUAJIMALPA DE MORELOS,LAS LAJAS,3
12025,GUSTAVO A MADERO,NUEVA VALLEJO,27
11852,GUSTAVO A MADERO,ATZACOALCO CTM,21
12036,GUSTAVO A MADERO,ARAGON INGUARAN,13
12498,MIGUEL HIDALGO,MODELO,11
12625,TLÁHUAC,SANTA ANA NORTE,10
12582,TLÁHUAC,SAN JOSE,12
12787,TLALPAN,FRACC PRADO COAPA 1RA SECC,4
13011,XOCHIMILCO,LAS PERITAS,3
13062,XOCHIMILCO,EL ROSARIO,19
12260,IZTAPALAPA,COOPERATIVA BIATLON,16
11084,ÁLVARO OBREGÓN,TIZAPAN,15
11375,AZCAPOTZALCO,NUEVO SAN RAFAEL,10
11415,AZCAPOTZALCO,REYNOSA TAMAULIPAS,19
11451,AZCAPOTZALCO,COLTONGO,8
11702,COYOACÁN,LOS PRADOS DE COYOACAN,23
11955,GUSTAVO A MADERO,CAPULTITLAN,19
12066,GUSTAVO A MADERO,SAN JUAN DE ARAGON EJIDOS 2DA SECC,13
12090,GUSTAVO A MADERO,SAN JUAN DE ARAGON 3RA SECC,44
12441,LA MAGDALENA CONTRERAS,HEROES DE PADIERNA,8
12423,LA MAGDALENA CONTRERAS,HUAYATLA,5
12450,LA MAGDALENA CONTRERAS,PUEBLO LA MAGDALENA CONTRERAS,13
12535,MIGUEL HIDALGO,AMPL DANIEL GARZA,10
11230,ÁLVARO OBREGÓN,COLINAS DEL SUR,18
11248,ÁLVARO OBREGÓN,LA ARAÑA,3
11336,ÁLVARO OBREGÓN,LAS AGUILAS AMPLIACION 2O. PARQUE,9
11560,COYOACÁN,AMPL DEL CARMEN,8
11443,AZCAPOTZALCO,UNIDAD HAB CUITLAHUAC,14
11459,AZCAPOTZALCO,SAN PEDRO XALPA,9
11426,AZCAPOTZALCO,LAS SALINAS,2
11692,COYOACÁN,PEDREGAL DEL MAUREL,3
12065,GUSTAVO A MADERO,SAN JUAN DE ARAGON 6TA SECC,34
12951,VENUSTIANO CARRANZA,SIMON BOLIVAR,14
12295,IZTAPALAPA,CARLOS HANK GONZALEZ,21
12430,LA MAGDALENA CONTRERAS,SAN JERONIMO ACULCO,21
12525,MIGUEL HIDALGO,CHAPULTEPEC MORALES,32
12460,MIGUEL HIDALGO,MILITAR 1 K LOMAS DE SOTELO,2
12638,TLÁHUAC,AMPL LA CONCHITA,5
12629,TLÁHUAC,SANTIAGO CENTRO,4
12901,TLALPAN,SANTO TOMAS AJUSCO,22
12807,TLALPAN,EX HACIENDA SAN JUAN DE DIOS,16
12884,TLALPAN,VALLE DE TEPEPAN,6
13050,XOCHIMILCO,TIERRA NUEVA,11
11368,ÁLVARO OBREGÓN,LOMAS DE LA HERA,12
11467,AZCAPOTZALCO,SANTIAGO AHUIZOTLA,13
11485,AZCAPOTZALCO,LIBERACION,15
11605,COYOACÁN,PUEBLO DE LOS REYES,9
12221,IZTAPALAPA,PRI,6
12170,IZTAPALAPA,MEXICALTZINGO,18
12238,IZTAPALAPA,EL TRIUNFO,12
12755,TLALPAN,FRACC RES ACOXPA,1
13018,XOCHIMILCO,SAN JUAN TEPEPAN,50
13045,XOCHIMILCO,LA ASUNCION,8
11193,ÁLVARO OBREGÓN,FRANCISCO VILLA,9
11086,ÁLVARO OBREGÓN,LORETO,12
11462,AZCAPOTZALCO,SAN BARTOLO,4
11424,AZCAPOTZALCO,SANTA CRUZ DE LAS SALINAS,13
11541,BENITO JUÁREZ,AMPL NAPOLES,15
11647,COYOACÁN,EL CENTINELA,8
12159,IZTAPALAPA,REAL DEL MORAL,10
12177,IZTAPALAPA,SOLIDARIDAD,13
12372,IZTAPALAPA,SABADELL BELLAVISTA,5
12422,LA MAGDALENA CONTRERAS,OCOTAL,8
12492,MIGUEL HIDALGO,LEGARIA,3
12682,TLÁHUAC,EMILIANO ZAPATA 1RA SECC,3
12760,TLALPAN,FRACC BELISARIO DOMINGUEZ,2
13085,XOCHIMILCO,SAN LUCAS XOCHIMANCA,21
13123,XOCHIMILCO,SAN JUAN MOYOTEPEC,8
11623,COYOACÁN,COPILCO EL ALTO,7
11319,ÁLVARO OBREGÓN,TETELPAN,5
11487,AZCAPOTZALCO,DEL GAS,6
12005,GUSTAVO A MADERO,AMPL GUADALUPE PROLETARIA,1
12000,GUSTAVO A MADERO,SAN JOSE DE LA ESCALERA,11
11929,GUSTAVO A MADERO,LA ESCALERA,20
11963,GUSTAVO A MADERO,PLAZA ORIENTE,9
12045,GUSTAVO A MADERO,BONDOJITO,16
12333,IZTAPALAPA,PROGRESO DEL SUR,11
12257,IZTAPALAPA,PARAJE ZACATEPEC,23
12272,IZTAPALAPA,SAN MIGUEL TEOTONGO(SECC PALMAS),11
12342,IZTAPALAPA,AMPL EL SANTUARIO,10
12436,LA MAGDALENA CONTRERAS,PUEBLO NUEVO BAJO,11
12507,MIGUEL HIDALGO,DEPORTIVA PENSIL,10
12519,MIGUEL HIDALGO,LOS MORALES SECC PALMAS,5
12397,IZTAPALAPA,EL ROSARIO,31
13083,XOCHIMILCO,PLAN DE AYALA,1
13149,XOCHIMILCO,SANTA INES,3
11220,ÁLVARO OBREGÓN,OLIVAR DEL CONDE 1RA SECC,36
11070,ÁLVARO OBREGÓN,CAMPESTRE,6
11450,AZCAPOTZALCO,PRO HOGAR,18
11665,COYOACÁN,FRACC INSURGENTES CUICUILCO,11
11565,COYOACÁN,SAN DIEGO CHURUBUSCO,13
12145,IZTACALCO,REFORMA IZTACCIHUATL SUR,12
12006,GUSTAVO A MADERO,SECRETARIA DE COMUNICACIONES Y TRANSPORTES,11
11574,COYOACÁN,MAGDALENA CULHUACAN,16
11570,COYOACÁN,PRADO CHURUBUSCO,44
12614,TLÁHUAC,GRANJAS CABRERA,16
12303,IZTAPALAPA,FRANCISCO VILLA,34
12445,LA MAGDALENA CONTRERAS,GUADALUPE,2
11751,CUAJIMALPA DE MORELOS,LA NAVIDAD,8
12939,VENUSTIANO CARRANZA,FELIPE ANGELES,32
12879,TLALPAN,FRACC SAN BUENAVENTURA,1
13074,XOCHIMILCO,SANTIAGO TEPALCATLALPAN,26
11130,ÁLVARO OBREGÓN,UNIDAD HAB SANTA FE IMSS,16
11080,ÁLVARO OBREGÓN,PROGRESO,19
11663,COYOACÁN,JARDINES DEL PEDREGAL DE SAN ANGEL,7
11481,AZCAPOTZALCO,SAN SALVADOR XOCHIMANCA,19
12130,IZTACALCO,JUVENTINO ROSAS,27
12263,IZTAPALAPA,1RA AMPL SANTIAGO ACAHUALTEPEC,18
12223,IZTAPALAPA,UNIDAD HAB GAMMA GAVILAN,8
12804,TLALPAN,AMSA,5
12301,IZTAPALAPA,LOMAS DE SANTA CRUZ,22
12581,TLÁHUAC,SANTA CECILIA,18
13148,XOCHIMILCO,SAN ANDRES AHUAYUCAN,12
12718,TLALPAN,PEDREGAL DE SAN NICOLAS 2DA SECC,8
12687,TLALPAN,TLALPAN CENTRO II,16
12944,VENUSTIANO CARRANZA,AMPL PENITENCIARIA,7
12990,VENUSTIANO CARRANZA,MAGDALENA MIXHUCA,58
13010,XOCHIMILCO,EJIDOS DE TEPEPAN,4
13028,XOCHIMILCO,POTRERO DE SAN BERNARDINO,15
13100,XOCHIMILCO,PUEBLO NATIVITAS,27
11386,AZCAPOTZALCO,EL RECREO,18
11732,COYOACÁN,MIRADOR,8
11896,GUSTAVO A MADERO,CASTILLO EL CHICO,5
12021,GUSTAVO A MADERO,SAN BARTOLO ATEPEHUACAN,40
11960,GUSTAVO A MADERO,VILLAHERMOSA,2
12366,IZTAPALAPA,SAN JUAN CENTRO,7
12234,IZTAPALAPA,NUEVA ROSITA,12
12168,IZTAPALAPA,UNIDAD MODELO,22
12211,IZTAPALAPA,UNIDAD HAB CUCHILLA DEL MORAL II,7
12533,MIGUEL HIDALGO,AMERICA,2
12624,TLÁHUAC,SANTA ANA CENTRO,9
12940,VENUSTIANO CARRANZA,AZTECA,5
11826,CUAUHTÉMOC,ESPERANZA,17
13094,XOCHIMILCO,SAN JERONIMO,7
11122,ÁLVARO OBREGÓN,AMPL BOSQUES 2DA SECC,4
11693,COYOACÁN,RINCONADA LAS PLAYAS INFONAVIT,11
11721,COYOACÁN,UNIDAD HAB EMILIANO ZAPATA,13
12214,IZTAPALAPA,SIDERAL,9
11993,GUSTAVO A MADERO,EL MILAGRO,9
12117,IZTACALCO,EL RODEO,15
12105,IZTACALCO,SAN PEDRO,17
12285,IZTAPALAPA,SAN PABLO I,7
12329,IZTAPALAPA,BARRIO SAN ANTONIO CULHUACAN,12
12204,IZTAPALAPA,GUADALUPE DEL MORAL,51
12319,IZTAPALAPA,ESTRELLA DE CULHUACAN,4
12740,TLALPAN,LOMAS HIDALGO,4
12693,TLALPAN,PARQUES DEL PEDREGAL,9
12813,TLALPAN,NARCISO MENDOZA SUPER MANZANA 4 VILLA COAPA,24
11161,ÁLVARO OBREGÓN,LADERA GRANDE CEBADILLA,1
11381,AZCAPOTZALCO,SANTA MARIA MANINALCO,21
12084,GUSTAVO A MADERO,ARAGON FOVISSSTE,4
12106,IZTACALCO,SAN FRANCISCO XICALTONGO,7
13056,XOCHIMILCO,EJIDO SANTA CRUZ XOCHITEPEC,22
13104,XOCHIMILCO,LOMAS DE NATIVITAS,3
12502,MIGUEL HIDALGO,MANZANOS,2
11304,ÁLVARO OBREGÓN,LOMAS DE PUERTA GRANDE,3
11398,AZCAPOTZALCO,UNIDAD HAB MANUEL RIVERA ANAYA,7
11439,AZCAPOTZALCO,LA PRECIOSA,19
11572,COYOACÁN,PASEOS DE TAXQUEÑA,31
11821,CUAUHTÉMOC,CENTRO URBANO BENITO JUAREZ,9
11979,GUSTAVO A MADERO,LA PRADERA,28
11982,GUSTAVO A MADERO,LA PRADERA 2DA SECC,7
11978,GUSTAVO A MADERO,SAN PEDRO EL CHICO,21
12753,TLALPAN,VERANO,5
13127,XOCHIMILCO,DEL CARMEN,3
11107,ÁLVARO OBREGÓN,REVOLUCION,2
11535,BENITO JUÁREZ,NONOALCO,47
11205,ÁLVARO OBREGÓN,AMPL JALALPA,5
11592,COYOACÁN,FRACC MANUEL ROMERO DE TERREROS,13
11553,COYOACÁN,BARRIO LA CONCEPCION,1
11894,GUSTAVO A MADERO,GUADALUPE VICTORIA CUAUTEPEC,13
12024,GUSTAVO A MADERO,VALLE DEL TEPEYAC,10
12143,IZTACALCO,SANTIAGO,6
12219,IZTAPALAPA,AMPL SAN MIGUEL,16
12495,MIGUEL HIDALGO,VENTURA PEREZ DE ALBA,4
12956,VENUSTIANO CARRANZA,REVOLUCION,9
13096,XOCHIMILCO,RANCHO TEJOMULCO,2
11170,ÁLVARO OBREGÓN,LA MEXICANA,7
11136,ÁLVARO OBREGÓN,SANTA FE INFONAVIT,2
11376,AZCAPOTZALCO,BARRIO SANTO TOMAS,15
11455,AZCAPOTZALCO,COSMOPOLITA,9
11510,BENITO JUÁREZ,FRACC RES EMPERADORES,8
11670,COYOACÁN,SAN PABLO TEPETLAPA,9
11880,GUSTAVO A MADERO,COCOYOTES,9
11951,GUSTAVO A MADERO,UNID PROFES ZACATENCO LINDAVISTA,40
11966,GUSTAVO A MADERO,DM NACIONAL,26
12387,IZTAPALAPA,UNIDAD HAB TULYEHUALCO,7
12563,MILPA ALTA,BARRIO NUCHTLA,7
12743,TLALPAN,AMPL MIGUEL HIDALGO 3A SECCION,17
12933,VENUSTIANO CARRANZA,PENITENCIARIA,14
13057,XOCHIMILCO,EL MIRADOR,7
11332,ÁLVARO OBREGÓN,SAN CLEMENTE SUR,11
11547,BENITO JUÁREZ,INSURGENTES MIXCOAC,24
11640,COYOACÁN,AJUSCO HUAYAMILPAS,4
11790,CUAJIMALPA DE MORELOS,SAN MATEO TLALTENANGO,6
11744,CUAJIMALPA DE MORELOS,JOSE MARIA CASTORENA,4
11878,GUSTAVO A MADERO,JAIME S EMILIANO G,2
11861,GUSTAVO A MADERO,PRADOS DE CUAUTEPEC,4
12266,IZTAPALAPA,SAN MIGUEL TEOTONGO (SECC MERCEDES),4
12390,IZTAPALAPA,UNIDAD HAB CARLOS JONGITUD BARRIOS,2
12446,LA MAGDALENA CONTRERAS,LA CONCEPCION,5
12823,TLALPAN,SAN ANDRES TOTOLTEPEC,43
12615,TLÁHUAC,LA TURBA,3
11794,CUAJIMALPA DE MORELOS,DESIERTO DE LOS LEONES,5
11447,AZCAPOTZALCO,JARDIN AZPEITIA,18
11445,AZCAPOTZALCO,BARRIO JAGUEY,9
11438,AZCAPOTZALCO,TEZOZOMOC,22
11537,BENITO JUÁREZ,NOCHE BUENA,22
11856,GUSTAVO A MADERO,CUATEPEC EL BAJO,13
12082,GUSTAVO A MADERO,CAMINO SAN JUAN DE ARAGON,3
12053,GUSTAVO A MADERO,BELISARIO DOMINGUEZ,6
12240,IZTAPALAPA,EL RETOÑO,26
12431,LA MAGDALENA CONTRERAS,SAN FRANCISCO,7
12597,TLÁHUAC,PUEBLO SANTA CATARINA YECAHUIZOTL,5
11431,AZCAPOTZALCO,UNIDAD HAB FRANCISCO VILLA,11
11764,CUAJIMALPA DE MORELOS,EL EBANO,2
12086,GUSTAVO A MADERO,CERRO PRIETO,4
11078,ÁLVARO OBREGÓN,PROGRESO TIZAPAN,12
12667,TLÁHUAC,EL ROSARIO,5
12929,VENUSTIANO CARRANZA,AMPL MICHOACANA,11
13087,XOCHIMILCO,LA CAÑADA,6
11294,ÁLVARO OBREGÓN,ARCOS DEL CENTENARIO,3
11405,AZCAPOTZALCO,UNIDAD HAB SAN PABLO XALPA,2
11454,AZCAPOTZALCO,EUZKADI,14
12208,IZTAPALAPA,VICENTINA,7
12644,TLÁHUAC,SELENE 2A SECCION,10
12545,MILPA ALTA,BARRIO SANTA MARTHA,7
12831,TLALPAN,SANTA URSULA XITLA,17
12698,TLALPAN,ISIDRO FABELA SECC CANTIL,2
12763,TLALPAN,FLORESTA COYOACAN,4
12565,MILPA ALTA,SAN BARTOLOME XICOMULCO,6
11328,ÁLVARO OBREGÓN,ALCANTARILLA,1
11305,ÁLVARO OBREGÓN,HERON PROAL,7
11475,AZCAPOTZALCO,HOGAR Y SEGURIDAD,11
11429,AZCAPOTZALCO,PRADOS DEL ROSARIO,14
11661,COYOACÁN,UNID OBRERO CTM CULHUACAN SECC 7A,9
12306,IZTAPALAPA,SIERRA DEL VALLE,17
12426,LA MAGDALENA CONTRERAS,LAS PALMAS,3
12736,TLALPAN,JOSE LOPEZ PORTILLO,9
12857,TLALPAN,SAN MIGUEL XICALCO,14
12843,TLALPAN,CANTERA,1
12808,TLALPAN,GUADALUPE,5
12960,VENUSTIANO CARRANZA,PEÑON DE LOS BAÑOS,21
13005,XOCHIMILCO,SAN ANTONIO,18
13105,XOCHIMILCO,TELONCOCHABACANO,1
11528,BENITO JUÁREZ,VERTIZ NARVARTE,22
11241,ÁLVARO OBREGÓN,TORRES DE MIXCOAC,13
11180,ÁLVARO OBREGÓN,LA PRESA,1
11090,ÁLVARO OBREGÓN,POLVORA,6
12467,MIGUEL HIDALGO,PERIODISTA,13
11949,GUSTAVO A MADERO,SAN RAFAEL TICOMAN,4
12030,GUSTAVO A MADERO,HEROE DE NACOZARI,11
12341,IZTAPALAPA,AMPL RICARDO FLORES MAGON,10
12173,IZTAPALAPA,VOCEADORES,9
12523,MIGUEL HIDALGO,RINCON DEL BOSQUE,3
12820,TLALPAN,EQUIPAMIENTO PLAZA COAPA,1
11231,ÁLVARO OBREGÓN,HOGAR Y REDENCION,6
11301,ÁLVARO OBREGÓN,PUERTA GRANDE AMPLIACION,1
11477,AZCAPOTZALCO,SAN BERNABE,12
11584,COYOACÁN,ROMERO DE TERREROS,6
11862,GUSTAVO A MADERO,COMPOSITORES MEXICANOS,10
12003,GUSTAVO A MADERO,GUADALUPE PROLETARIA,15
11837,GUSTAVO A MADERO,PARQUE DEL TEPEYAC,9
12127,IZTACALCO,LOS REYES,12
12222,IZTAPALAPA,GAVILAN,2
13069,XOCHIMILCO,CALTONGO,13
11186,ÁLVARO OBREGÓN,AMPL LAS GOLONDRINAS,12
11188,ÁLVARO OBREGÓN,ALVARO OBREGON DESARROLLO URBANO,8
11309,ÁLVARO OBREGÓN,TLACUITLAPA,5
11378,AZCAPOTZALCO,BARRIO SAN SEBASTIAN,8
12133,IZTACALCO,GABRIEL RAMOS MILLAN SECC TLACOTAL,27
12270,IZTAPALAPA,SAN MIGUEL TEOTONGO(SECC GUADALUPE),34
11728,COYOACÁN,SANTA CECILIA,4
12551,MILPA ALTA,BARRIO TENANTITLA,3
11112,ÁLVARO OBREGÓN,REAL DEL MONTE,1
11153,ÁLVARO OBREGÓN,EL PIRU 2A AMPLIACION,9
11324,ÁLVARO OBREGÓN,PILARES AGUILAS,9
11457,AZCAPOTZALCO,SAN MIGUEL AMANTLA,17
12092,GUSTAVO A MADERO,NARCISO BASSOLS,5
12107,IZTACALCO,SANTIAGO NORTE,6
12218,IZTAPALAPA,2DA AMPLIACIÓN BARRIO SAN MIGUEL (SAN FELIPE TERREMOTES),8
12314,IZTAPALAPA,PUENTE BLANCO,37
12418,LA MAGDALENA CONTRERAS,EL TANQUE,7
12547,MILPA ALTA,BARRIO LA CONCEPCION,8
13107,XOCHIMILCO,LA JOYA DE VARGAS,3
11380,AZCAPOTZALCO,LIBERTAD,8
11484,AZCAPOTZALCO,AMPL COSMOPOLITA,20
11729,COYOACÁN,FRACC CAMPESTRE COYOACAN,4
11760,CUAJIMALPA DE MORELOS,SAN JOSE DE LOS CEDROS 2DA SECC,6
11427,AZCAPOTZALCO,SAN JUAN TLIHUACA,29
11872,GUSTAVO A MADERO,LA CASILDA,7
11855,GUSTAVO A MADERO,BO CUAUTEPEC EL ALTO,14
11907,GUSTAVO A MADERO,BENITO JUAREZ,6
12403,IZTAPALAPA,COOPERATIVA ALLAPETLALLI,10
12411,LA MAGDALENA CONTRERAS,INDEPENDENCIA BATAN NORTE,4
12955,VENUSTIANO CARRANZA,DAMIAN CARMONA,9
11389,AZCAPOTZALCO,LOTERIA NACIONAL,5
11671,COYOACÁN,DIVISION DEL NORTEL 3533,1
11710,COYOACÁN,FRACC LOS OLIVOS,1
12166,IZTAPALAPA,CACAMA,8
12717,TLALPAN,PEDREGAL DE SAN NICOLAS 1A SECCION,17
12461,MIGUEL HIDALGO,UNIDAD HAB LOMA HERMOSA,3
12553,MILPA ALTA,BARRIO XOCHITEPEC,12
12803,TLALPAN,SAN BARTOLO EL CHICO,14
11157,ÁLVARO OBREGÓN,TLAPECHICO,8
11464,AZCAPOTZALCO,SAN ANTONIO,7
11630,COYOACÁN,SANTO DOMINGO,18
12046,GUSTAVO A MADERO,FAJA DE ORO,4
12094,GUSTAVO A MADERO,CTM ARAGON,13
12122,IZTACALCO,5 DE DICIEMBRE FOVISSSTE,7
12458,MIGUEL HIDALGO,1RA SECC DEL BOSQUE DE CHAPULTEPEC,14
12521,MIGUEL HIDALGO,PALMITAS,1
12983,VENUSTIANO CARRANZA,AVIACION CIVIL,21
12414,LA MAGDALENA CONTRERAS,PEDREGAL DE SAN JERONIMO,6
11724,COYOACÁN,LOS GIRASOLES II,5
12248,IZTAPALAPA,AMPL SINATEL,5
12405,LA MAGDALENA CONTRERAS,LOMAS QUEBRADAS,12
12008,GUSTAVO A MADERO,NVA INDUSTRIAL VALLEJO,5
12544,MILPA ALTA,BARRIO SANTA CRUZ,4
13077,XOCHIMILCO,LA CONCHA,4
13090,XOCHIMILCO,SAN LORENZO ATEMOAYA,2
13051,XOCHIMILCO,FRACC JARDINES DEL SUR,9
12627,TLÁHUAC,SANTA ANA SUR,5
11695,COYOACÁN,CANTIL DEL PEDREGAL,1
12947,VENUSTIANO CARRANZA,ESCUELA DE TIRO,4
11482,AZCAPOTZALCO,AGUILERA,12
12279,IZTAPALAPA,AMPL EMILIANO ZAPATA,20
12572,MILPA ALTA,SAN LORENZO TLACOYUCAN,5
13033,XOCHIMILCO,BARRIO 18,7
12669,TLÁHUAC,PEÑA ALTA SUR,7
11300,ÁLVARO OBREGÓN,PUERTA GRANDE,2
11344,ÁLVARO OBREGÓN,FLOR DE MARIA,1
12425,LA MAGDALENA CONTRERAS,TIERRA UNIDA,1
11715,COYOACÁN,UNID OBRERO CTM CULHUACAN SECC 8,25
11725,COYOACÁN,FRACC LAS CAMPANAS,1
12110,IZTACALCO,LA CRUZ,8
11108,ÁLVARO OBREGÓN,U SEARS ROEBUCK,3
12478,MIGUEL HIDALGO,SAN DIEGO OCOYOACAC,5
12576,MILPA ALTA,SAN MARCOS TLACOTENCO,3
12650,TLÁHUAC,DEPORTIVA CET 1,4
12846,TLALPAN,UNIDAD HAB RES INSURGENTES SUR,3
12892,TLALPAN,MARIA ESTHER ZUNO DE ECHEVERRIA,4
13079,XOCHIMILCO,TEPETITLA,2
11383,AZCAPOTZALCO,BENITO JUAREZ,6
11391,AZCAPOTZALCO,ANGEL ZIMBRON,18
11472,AZCAPOTZALCO,BARRIO SANTA APOLONIA,16
11720,COYOACÁN,FRACC RES CAFETALES,6
11773,CUAJIMALPA DE MORELOS,LA ROSITA,1
11785,CUAJIMALPA DE MORELOS,SAN LORENZO ACOPILCO,3
12376,IZTAPALAPA,SAN JUAN ESTRELLA,8
12606,TLÁHUAC,ZAPOTITLAN,11
13043,XOCHIMILCO,AMPL SAN MARCOS NORTE,4
11181,ÁLVARO OBREGÓN,LA PRESA SECC HORNOS,5
11101,ÁLVARO OBREGÓN,LIBERALES DE 1857,14
12437,LA MAGDALENA CONTRERAS,LA CARBONERA,5
12506,MIGUEL HIDALGO,5 DE MAYO,10
12560,MILPA ALTA,BARRIO TULA,1
12695,TLALPAN,FRACC INSURGENTES CUICUILCO,1
12815,TLALPAN,RESIDENCIAL VILLA COAPA SUPER MANZANA 1,8
11550,COYOACÁN,COYOACAN CENTRO,5
11793,CUAJIMALPA DE MORELOS,XALPA,3
12155,IZTAPALAPA,BARRIO SAN PEDRO,7
12527,MIGUEL HIDALGO,NUEVA ANZURES,14
12611,TLÁHUAC,LAS ARBOLEDAS,1
12148,IZTACALCO,JARDINES DE TECMA,9
11192,ÁLVARO OBREGÓN,EL POCITO,4
11250,ÁLVARO OBREGÓN,GARCIMARRERO,7
11088,ÁLVARO OBREGÓN,UNIDAD HAB LOMAS DE STO DOMINGO,7
11490,AZCAPOTZALCO,EL ARENAL,13
11723,COYOACÁN,LOS GIRASOLES I,11
12618,TLÁHUAC,VILLAS LA DRAGA,7
13023,XOCHIMILCO,HUICHAPAN,11
13040,XOCHIMILCO,PARQUE ECOLOGICO DE XOCHIMILCO,44
12917,VENUSTIANO CARRANZA,INDUSTRIAL PUERTO AEREO,22
13006,XOCHIMILCO,BOSQUES DEL SUR,4
11123,ÁLVARO OBREGÓN,CRISTO REY,10
11068,ÁLVARO OBREGÓN,AXOTLA,5
11491,AZCAPOTZALCO,PATRIMONIO FAMILIAR,7
11846,GUSTAVO A MADERO,SAN JOSE DE LA PRADERA,1
12070,GUSTAVO A MADERO,EJIDOS SAN JUAN DE ARAGON 1RA SECC,6
12280,IZTAPALAPA,HUITZICO,13
11126,ÁLVARO OBREGÓN,VICTORIA 1RA SECC BOSQUES,4
11341,ÁLVARO OBREGÓN,LA HERRADURA,1
11463,AZCAPOTZALCO,NUEVA AMPL PETROLERA SECC 35,13
11636,COYOACÁN,SUCHIL 109,7
11581,COYOACÁN,PEDREGAL MONSERRAT,12
11718,COYOACÁN,CTM IXA CULHUACAN,7
12988,VENUSTIANO CARRANZA,ARTES GRAFICAS,17
12068,GUSTAVO A MADERO,INDECO,5
12640,TLÁHUAC,PUEBLO SAN FRANCISCO TLALTENCO,17
12945,VENUSTIANO CARRANZA,MADERO,5
12998,VENUSTIANO CARRANZA,KENNEDY,28
11843,GUSTAVO A MADERO,ESTANZUELA,4
12814,TLALPAN,NARCIZO MENDOZA SUPER MANZANA 6 VILLA COAPA,5
11479,AZCAPOTZALCO,TLATILCO,17
11562,COYOACÁN,UNIDAD HAB VIVEROS DE COYOACAN,4
11503,BENITO JUÁREZ,CENTRO URBANO PRESIDENTE ALEMAN,4
12378,IZTAPALAPA,12 DE DICIEMBRE,3
12518,MIGUEL HIDALGO,LOS MORALES SECC ALAMEDA,1
12880,TLALPAN,CHIMALCOYOTL,4
11131,ÁLVARO OBREGÓN,SAN PEDRO DE LOS PINOS,10
11215,ÁLVARO OBREGÓN,REACOMODO JALALPA EL GRANDE,4
11082,ÁLVARO OBREGÓN,LORETO Y CAMPAMENTO,8
12404,IZTAPALAPA,SAN JOSE BUENAVISTA,7
12642,TLÁHUAC,AMPL JOSE LOPEZ PORTILLO,7
12974,VENUSTIANO CARRANZA,AMPL CARACOL,4
13119,XOCHIMILCO,SAN LUIS TLAXIALTEMALCO,10
11362,ÁLVARO OBREGÓN,RINCON DE LA BOLSA,4
11754,CUAJIMALPA DE MORELOS,CUMBRES REFORMA,8
12493,MIGUEL HIDALGO,NEXTITLA,8
12652,TLÁHUAC,ZACATENCO,5
11609,COYOACÁN,ROSEDAL,7
11900,GUSTAVO A MADERO,ZONA ESCOLAR ORIENTE,2
12142,IZTACALCO,MAESTROS DE IZTACALCO,4
12384,IZTAPALAPA,GRANJAS ESTRELLA,5
13139,XOCHIMILCO,SANTA MARIA DE LOS OLIVOS,2
12825,TLALPAN,NUEVO RENACIMIENTO DE AXALCO,5
13014,XOCHIMILCO,RESIDENCIAL ALDAMA,3
11302,ÁLVARO OBREGÓN,REACOMODO LOMAS PUERTA GRANDE,1
11247,ÁLVARO OBREGÓN,SANTA LUCIA REACOMODO,5
11522,BENITO JUÁREZ,MARIA DEL CARMEN,10
11639,COYOACÁN,NUEVA DIAZ ORDAZ,3
11141,ÁLVARO OBREGÓN,RES PARQUE SANTA FE,6
11909,GUSTAVO A MADERO,SOLIDARIDAD NACIONAL,15
11976,GUSTAVO A MADERO,AMPL SAN JUAN DE ARAGON,7
12318,IZTAPALAPA,EL MIRADOR,6
12315,IZTAPALAPA,ANO DE JUAREZ,8
12557,MILPA ALTA,BARRIO CRUZTITLA,6
12858,TLALPAN,LAS FLORES,4
12934,VENUSTIANO CARRANZA,10 DE MAYO,6
12935,VENUSTIANO CARRANZA,UNIDAD HAB EMILIANO ZAPATA,8
11480,AZCAPOTZALCO,UNIDAD HAB TLATILCO,13
11590,COYOACÁN,TORRES DE CHIMALISTAC,1
11295,ÁLVARO OBREGÓN,FRACCIONAMIENTO EX HDA TARANGO,2
11474,AZCAPOTZALCO,VICTORIA DE LAS DEMOCRACIAS,9
12347,IZTAPALAPA,CUITLAHUAC EL ROSAL,3
12434,LA MAGDALENA CONTRERAS,EL TORO,6
12499,MIGUEL HIDALGO,AHUEHUETES ANAHUAC,5
12896,TLALPAN,JARDINES DE SAN JUAN,3
12793,TLALPAN,MAGISTERIAL,4
11456,AZCAPOTZALCO,POTRERO DEL LLANO,3
11452,AZCAPOTZALCO,MONTE ALTO,5
13059,XOCHIMILCO,LA GUADALUPITA CENTRO,4
12419,LA MAGDALENA CONTRERAS,LAS CRUCES,4
12415,LA MAGDALENA CONTRERAS,SAN JERONIMO LIDICE,21
13082,XOCHIMILCO,DOLORES TLALI,4
11471,AZCAPOTZALCO,PLENITUD,6
11696,COYOACÁN,MEDIA LUNA,3
11281,ÁLVARO OBREGÓN,HUEYTLALE,1
12435,LA MAGDALENA CONTRERAS,POTRERILLO,5
11493,BENITO JUÁREZ,PIEDAD NARVARTE,16
12598,TLÁHUAC,SAN MIGUEL YECAHUIZOTL,3
11919,GUSTAVO A MADERO,MOSAIQUERA,2
12452,MIGUEL HIDALGO,LOMAS DE VIRREYES,7
12549,MILPA ALTA,BARRIO SAN AGUSTIN,5
12657,TLÁHUAC,SAN AGUSTIN,7
12660,TLÁHUAC,BARRIO LA LUPITA,2
12737,TLALPAN,LOS ENCINOS,5
12923,VENUSTIANO CARRANZA,JANITZIO,10
13140,XOCHIMILCO,SANTA MARIA NATIVITAS,2
11848,GUSTAVO A MADERO,LA DINAMITA,9
12206,IZTAPALAPA,LEYES DE REFORMA 2DA SECCION,6
11177,ÁLVARO OBREGÓN,LA CAÑADA 2DA SECC,2
11556,COYOACÁN,BARRIO SAN LUCAS,16
12147,IZTACALCO,SANTA CRUZ,7
12267,IZTAPALAPA,SAN MIGUEL TEOTONGO(SECC AVIS),5
12197,IZTAPALAPA,UNIDAD HAB PLUTARCO ELIAS CALLES,8
12374,IZTAPALAPA,AMPL BELLAVISTA,6
12439,LA MAGDALENA CONTRERAS,EL ERMITAÑO,1
12809,TLALPAN,ARENAL DE GUADALUPE,6
12790,TLALPAN,PRADO COAPA 3RA SECC,10
11497,BENITO JUÁREZ,U HAB IMSS NARVARTE,6
11655,COYOACÁN,LA VIRGEN 1170,1
12770,TLALPAN,VILLA DE BENALMADENA,1
12938,VENUSTIANO CARRANZA,20 DE NOVIEMBRE 5TO TRAMO,16
11171,ÁLVARO OBREGÓN,LA MEXICANA 2A AMPLIACION,1
11952,GUSTAVO A MADERO,JUAN DE DIOS BATIZ,9
11296,ÁLVARO OBREGÓN,LA MARTINICA,1
11076,ÁLVARO OBREGÓN,SAN ANGEL INN,8
11981,GUSTAVO A MADERO,LA PRADERA 1RA SECC,3
11810,CUAUHTÉMOC,FELIPE PESCADOR,6
12115,IZTACALCO,UNIDAD DEPORTIVA MAGDALENA MIXHUCA,13
12228,IZTAPALAPA,JARDINES DE CHURUBUSCO,2
12420,LA MAGDALENA CONTRERAS,LOS PADRES,3
12659,TLÁHUAC,SAN JUAN IXTAYOPAN,2
11115,ÁLVARO OBREGÓN,MOLINO DE SANTO DOMINGO,8
11087,ÁLVARO OBREGÓN,REACOMODO LOMAS DE SANTO DOMINGO,2
11466,AZCAPOTZALCO,SAN FRANCISCO TETECALA,7
11669,COYOACÁN,XOTEPINGO,19
11635,COYOACÁN,ROSARIO,9
12167,IZTAPALAPA,UNIDAD HAB XOPA,1
11460,AZCAPOTZALCO,ISSSFAM SEDENA LAS ARMAS,2
11109,ÁLVARO OBREGÓN,ACUEDUCTO,12
12505,MIGUEL HIDALGO,PANTEON FRANCES,5
11412,AZCAPOTZALCO,SANTO DOMINGO,11
12486,MIGUEL HIDALGO,PLUTARCO ELIAS CALLES,4
11717,COYOACÁN,CANAL NACIONAL,1
11886,GUSTAVO A MADERO,VALLE DE MADERO,5
12067,GUSTAVO A MADERO,EL OLIVO,11
12474,MIGUEL HIDALGO,ARGENTINA ANTIGUA,16
12735,TLALPAN,CULTURA MAYA,4
12711,TLALPAN,LA JOYA,7
11734,COYOACÁN,HACIENDA DE COYOACAN,6
11489,AZCAPOTZALCO,AMPL DEL GAS,7
11483,AZCAPOTZALCO,ALDANA,14
12616,TLÁHUAC,AMPL MIGUEL HIDALGO,6
11757,CUAJIMALPA DE MORELOS,BOSQUES DE REFORMA,2
12085,GUSTAVO A MADERO,FERNANDO CASAS ALEMAN,5
12886,TLALPAN,LA NOPALERA,3
11320,ÁLVARO OBREGÓN,CERRADA DEL POTRERO,1
12876,TLALPAN,ARENAL TEPEPAN,7
12761,TLALPAN,VERGEL TLALPAN,1
12664,TLÁHUAC,LA LOMA,1
11971,GUSTAVO A MADERO,EDUARDO MOLINA I,4
12853,TLALPAN,EL MIRADOR 3RA SECC,5
11873,GUSTAVO A MADERO,LOMA DE LA PALMA,9
12579,MILPA ALTA,SAN JOSE,5
12680,TLÁHUAC,SAN NICOLAS TETELCO,6
11106,ÁLVARO OBREGÓN,LAS AMERICAS,6
11440,AZCAPOTZALCO,AMPL PETROLERA,6
11766,CUAJIMALPA DE MORELOS,JARDINES DE LA PALMA(HUIZACHITO),5
11113,ÁLVARO OBREGÓN,UNIDAD HAB MOLINO SANTO DOMINGO,2
11151,ÁLVARO OBREGÓN,BONANZA,3
12932,VENUSTIANO CARRANZA,MORELOS II,4
11957,GUSTAVO A MADERO,TLACAMACA,7
12136,IZTACALCO,INPI IZTACALCO,2
12623,TLÁHUAC,SAN MIGUEL,2
12991,VENUSTIANO CARRANZA,AARON SAENZ,3
12913,TLALPAN,CHIMILLI,6
11838,GUSTAVO A MADERO,ROSAS DEL TEPEYAC,2
12433,LA MAGDALENA CONTRERAS,EL ROSAL,6
11346,ÁLVARO OBREGÓN,SAN JOSE DEL OLIVAR,1
11318,ÁLVARO OBREGÓN,TECALCAPA,2
12466,MIGUEL HIDALGO,REFINERIA 18 DE MARZO,14
12380,IZTAPALAPA,SANTA MARIA TOMATLAN,6
11165,ÁLVARO OBREGÓN,AMPL EL ARBOL,2
13027,XOCHIMILCO,LA NORIA,6
11212,ÁLVARO OBREGÓN,CARLOS A MADRAZO,4
11461,AZCAPOTZALCO,AMPL SAN PEDRO XALPA,25
11746,CUAJIMALPA DE MORELOS,LOMAS DE VISTA HERMOSA,3
11940,GUSTAVO A MADERO,TICOMAN,7
12047,GUSTAVO A MADERO,AMPL EMILIANO ZAPATA,2
12912,TLALPAN,RINCON DEL MIRADOR II,4
11249,ÁLVARO OBREGÓN,LOS CEDROS,5
11204,ÁLVARO OBREGÓN,2DA AMPLIACION JALALPA EL GRANDE,1
11446,AZCAPOTZALCO,ESTACION PANTACO,11
11529,BENITO JUÁREZ,AMERICAS UNIDAS,6
11875,GUSTAVO A MADERO,TLACAELEL 1,2
12323,IZTAPALAPA,SAN MARCOS,4
12688,TLALPAN,EL CAPULIN,2
12930,VENUSTIANO CARRANZA,AMPL 20 DE NOVIEMBRE,2
11355,ÁLVARO OBREGÓN,SAN BARTOLO AMEYALCO,1
12135,IZTACALCO,EL MOSCO,1
12591,TLÁHUAC,BARRIO LOS REYES,5
12783,TLALPAN,VERGEL DEL SUR,2
11973,GUSTAVO A MADERO,JOSE MARIA MORELOS Y PAVON 1RA SECC,1
12283,IZTAPALAPA,SAN PABLO II,3
13052,XOCHIMILCO,REDENCION,1
11201,ÁLVARO OBREGÓN,JALALPATEPITO,2
12138,IZTACALCO,LOS PICOS DE IZTACALCO 2DA SECC,4
12602,TLÁHUAC,SANTA CATARINA AMPLIACION,3
11544,BENITO JUÁREZ,8 DE AGOSTO,8
11854,GUSTAVO A MADERO,SAN MIGUEL CUAUTEPEC EL ALTO,6
12190,IZTAPALAPA,JOSE MARIA MORELOS Y PAVON,5
12744,TLALPAN,AMPL MIGUEL HIDALGO 4TA SECC,6
11198,ÁLVARO OBREGÓN,EL RODEO,5
11602,COYOACÁN,MONSERRAT UNIVERSIDAD,1
11621,COYOACÁN,COPILCO 300,1
12468,MIGUEL HIDALGO,NUEVA ARGENTINA,15
12772,TLALPAN,RINCONADA COAPA 1RA SECC,2
12125,IZTACALCO,RICARDO FLORES MAGON,6
12818,TLALPAN,UNID HAB NARCISO MENDOZA 5 VILLA COAPA,8
13088,XOCHIMILCO,ORIENTE,10
11740,CUAJIMALPA DE MORELOS,LOMAS DEL PADRE,2
12745,TLALPAN,BOSQUE DE TLALPAN,2
12845,TLALPAN,TEMASTITITLA,1
11421,AZCAPOTZALCO,FERRERIA,3
11654,COYOACÁN,INFONAVIT CULHUACAN ZONA 3,4
11658,COYOACÁN,CANAL NACIONAL 260,6
11948,GUSTAVO A MADERO,SAN JUAN TICOMAN,6
11842,GUSTAVO A MADERO,15 DE AGOSTO,6
12215,IZTAPALAPA,UNIDAD HAB MARGARITA MAZA DE JUAREZ,3
12715,TLALPAN,PEDREGAL DE SAN NICOLAS 5TA SECC,4
12749,TLALPAN,BARRIO LA FAMA,10
11458,AZCAPOTZALCO,SANTA MARIA AMANTLA,3
11240,ÁLVARO OBREGÓN,LA CASCADA,4
12407,LA MAGDALENA CONTRERAS,SAN BARTOLO AMEYALCO,3
11100,ÁLVARO OBREGÓN,LAS PALMAS,4
11083,ÁLVARO OBREGÓN,RES ANTIGUA SAN JACINTO,4
11898,GUSTAVO A MADERO,CASTILLO EL GRANDE,2
13034,XOCHIMILCO,PISTA OLIMPICA VIRGILIO URIBE (CANAL DE CUEMANCO),6
11200,ÁLVARO OBREGÓN,JALALPA,3
12817,TLALPAN,RESIDENCIAL VILLA COAPA SUPER MANZANA 8,2
11765,CUAJIMALPA DE MORELOS,BARRIO EL MOLINO,5
11274,ÁLVARO OBREGÓN,AMPL TEPEACA,3
11364,ÁLVARO OBREGÓN,PARAJE DEL CABALLITO,5
11549,BENITO JUÁREZ,CREDITO CONSTRUCTOR,15
12559,MILPA ALTA,BARRIO PANCHIMALCO,1
11393,AZCAPOTZALCO,HIPODROMO TEXTIL,3
12256,IZTAPALAPA,EL EDEN,8
12854,TLALPAN,TLALPUENTE,3
12995,VENUSTIANO CARRANZA,PINO,1
11847,GUSTAVO A MADERO,LA CRUZ,6
11986,GUSTAVO A MADERO,LA ESMERALDA,5
12400,IZTAPALAPA,EX HACIENDA SAN NICOLAS TOLENTINO,2
12989,VENUSTIANO CARRANZA,SEVILLA,9
12246,IZTAPALAPA,MAESTRO JUSTO SIERRA,5
12172,IZTAPALAPA,LA VALENCIANA,1
12802,TLALPAN,GLORIETA DE VAQUERITOS,3
12773,TLALPAN,FRACC RES HACIENDA COAPA,2
13099,XOCHIMILCO,AÑO DE JUAREZ,2
13003,XOCHIMILCO,SAN JUAN CENTRO,1
13058,XOCHIMILCO,GUADALUPITA,2
11733,COYOACÁN,FRACC VILLA QUIETUD,4
12386,IZTAPALAPA,UNIDAD HAB MILITAR SEDENA,2
12469,MIGUEL HIDALGO,IGNACIO MANUEL ALTAMIRANO,2
12836,TLALPAN,TLAXACALTENGO (LA MESA),2
11350,ÁLVARO OBREGÓN,LOMAS DE LOS ANGELES TETELPAN,2
11657,COYOACÁN,UNIDAD HAB SAN FRANCISCO CULHUACAN,11
13078,XOCHIMILCO,SAN JOSE ZACATEPEC,2
11269,ÁLVARO OBREGÓN,VILLA PROGRESISTA,2
12798,TLALPAN,HDA DE SAN JUAN DE TLALPAN 2DA SECC,2
11208,ÁLVARO OBREGÓN,2DA AMPL PRESIDENTES,4
11164,ÁLVARO OBREGÓN,TECOLALCO,2
11687,COYOACÁN,UNIDAD HAB VILLA PANAMERICANA,1
12874,TLALPAN,COLINAS DEL BOSQUE,4
12001,GUSTAVO A MADERO,SANTIAGO ATEPETLAC,6
12224,IZTAPALAPA,SAN JUANICO NEXTIPAC,11
12501,MIGUEL HIDALGO,LAGO SUR,2
12962,VENUSTIANO CARRANZA,SANTA CRUZ AVIACION,6
13017,XOCHIMILCO,ARCOS DEL SUR,2
11664,COYOACÁN,AMPL INSURGENTES CUICUILCO,11
11476,AZCAPOTZALCO,IGNACIO ALLENDE,8
12668,TLÁHUAC,EMILIANO ZAPATA,2
12734,TLALPAN,LOMAS DEL PEDREGAL,2
12973,VENUSTIANO CARRANZA,EL ARENAL PTO AEREO,2
12074,GUSTAVO A MADERO,INFONAVIT CAMINO SAN JUAN DE ARAGON,1
13084,XOCHIMILCO,XOCHIMILCO,2
11091,ÁLVARO OBREGÓN,LA CONCHITA,2
11176,ÁLVARO OBREGÓN,CALZADA DE JALALPA,4
12227,IZTAPALAPA,LA VIGA,1
12619,TLÁHUAC,TENOCHTITLAN,1
13067,XOCHIMILCO,TABLAS DE SAN LORENZO,2
12134,IZTACALCO,INPI LOS PICOS,7
12690,TLALPAN,RINCONADA SANTA TERESA,1
11357,ÁLVARO OBREGÓN,VILLA VERDUM,3
11925,GUSTAVO A MADERO,REVOLUCION IMSS,3
12365,IZTAPALAPA,PARAJE SAN JUAN CERRO,4
12427,LA MAGDALENA CONTRERAS,ATACAXCO,1
11410,AZCAPOTZALCO,SANTA INES,7
12811,TLALPAN,NARCISO MENDOZA SUPER MANZANA 2 VILLA COAPA,3
13161,XOCHIMILCO,PEDREGAL DE SAN FRANCISCO,2
12954,VENUSTIANO CARRANZA,1RO DE MAYO,5
11183,ÁLVARO OBREGÓN,LAS GOLONDRINAS 1RA SECC,7
11075,ÁLVARO OBREGÓN,ALTAVISTA,2
11360,ÁLVARO OBREGÓN,AMPL TORRES DE POTRERO,1
11407,AZCAPOTZALCO,NUEVA EL ROSARIO,1
13129,XOCHIMILCO,SAN ISIDRO,7
11947,GUSTAVO A MADERO,GUADALUPE TICOMAN,6
12244,IZTAPALAPA,CHILERO II,2
12882,TLALPAN,UNID HAB FOVISSSTE SAN PEDRO MARTIR,1
12855,TLALPAN,LA PALMA,9
11406,AZCAPOTZALCO,NUEVA AMPL EL ROSARIO,5
11797,CUAJIMALPA DE MORELOS,LA PILA,1
12782,TLALPAN,INFONAVIT DOCTOR IGNACIO CHAVEZ,1
13046,XOCHIMILCO,SAN LORENZO,2
12645,TLÁHUAC,3 DE MAYO,2
11173,ÁLVARO OBREGÓN,LIBERACION PROLETARIA,1
11094,ÁLVARO OBREGÓN,BELEN DE LAS FLORES SECCION ORIENTE,1
11625,COYOACÁN,FRACC COPILCO UNIVERSIDAD,7
12590,TLÁHUAC,BARRIO SAN MIGUEL,5
12952,VENUSTIANO CARRANZA,AMPL SIMON BOLIVAR,5
13137,XOCHIMILCO,2A SECC LOS CERRILLOS,1
11678,COYOACÁN,TEXTITLAN 222,2
11877,GUSTAVO A MADERO,LUIS DONALDO COLOSIO MURRIETA,4
11927,GUSTAVO A MADERO,INFONAVIT,6
12528,MIGUEL HIDALGO,RESIDENCIAL MILITAR,1
12539,MIGUEL HIDALGO,LOMAS DE BEZARES,4
12583,TLÁHUAC,SAN JUAN,1
12750,TLALPAN,LA PRIMAVERA,4
11365,ÁLVARO OBREGÓN,LOMAS DE CHAMONTOYA,2
12324,IZTAPALAPA,SAN SIMON CULHUACAN,4
12412,LA MAGDALENA CONTRERAS,INDEPENDENCIA BATAN SUR,3
12819,TLALPAN,VILLA COAPA,7
11867,GUSTAVO A MADERO,VERONICA CASTRO,1
11786,CUAJIMALPA DE MORELOS,ZONA RUSTICA,1
11333,ÁLVARO OBREGÓN,LA PEÑITA,1
11437,AZCAPOTZALCO,UNIDAD HAB MIGUEL HIDALGO,6
11554,COYOACÁN,LA CONCEPCION,3
12442,LA MAGDALENA CONTRERAS,SANTA TERESA,3
12571,MILPA ALTA,BARRIO SAN JUAN,4
13048,XOCHIMILCO,RINCONADA DEL SUR,2
11408,AZCAPOTZALCO,NUEVA ESPAÑA,3
11666,COYOACÁN,TORRES DE MAUREL,1
11778,CUAJIMALPA DE MORELOS,MEMETLA,1
11904,GUSTAVO A MADERO,EL ARBOLILLO 2,2
11859,GUSTAVO A MADERO,AMPL MALACATES,10
13026,XOCHIMILCO,LA GALVIA,1
13093,XOCHIMILCO,LOMAS DE TONALCO,2
11694,COYOACÁN,BOSQUES DE TETLALMEYA,5
11600,COYOACÁN,COPILCO III,1
12780,TLALPAN,UNIDAD HAB HUESO PERIFERICO,1
12633,TLÁHUAC,GUTIERREZ NAJERA,2
12585,TLÁHUAC,LA HABANA,2
12670,TLÁHUAC,JARDINES DEL LLANO,2
11348,ÁLVARO OBREGÓN,TIZAMPAMPANO,2
11335,ÁLVARO OBREGÓN,LAS AGUILAS 1RA SECCION,1
11275,ÁLVARO OBREGÓN,TEPEACA,3
11413,AZCAPOTZALCO,BARRIO SAN SIMON,3
12195,IZTAPALAPA,PROGRESISTA,17
12810,TLALPAN,GUADALUPE TLALPAN,1
13072,XOCHIMILCO,CANAL 11,1
12592,TLÁHUAC,PUEBLO TULYEHUALCO,4
12706,TLALPAN,SAN PEDRO APOSTOL,2
11226,ÁLVARO OBREGÓN,PALMAS,6
12033,GUSTAVO A MADERO,VALLEJO PONIENTE,5
12794,TLALPAN,VILLA CUEMANCO,1
13080,XOCHIMILCO,TLAXOPAN 1RA Y 2DA SECC,5
13150,XOCHIMILCO,GUADALUPE,3
12360,IZTAPALAPA,PANTEON CIVIL DE IZTAPALAPA,6
13030,XOCHIMILCO,VILLA XOCHIMILCO,1
12428,LA MAGDALENA CONTRERAS,VISTA HERMOSA,7
11616,COYOACÁN,COPILCO EL BAJO,3
12707,TLALPAN,BARRIO SAN FERNANDO,5
11266,ÁLVARO OBREGÓN,PUNTA DE CEGUAYO,2
12050,GUSTAVO A MADERO,LA JOYITA,2
12881,TLALPAN,VILLA TLALPAN,3
13022,XOCHIMILCO,EL ENCANTO,2
11488,AZCAPOTZALCO,SAN FRANCISCO XOCOTITLA,6
12921,VENUSTIANO CARRANZA,MORAZAN,1
11641,COYOACÁN,DIAZ ORDAZ,3
12413,LA MAGDALENA CONTRERAS,PUENTE SIERRA,3
11085,ÁLVARO OBREGÓN,LA OTRA BANDA,5
12099,IZTACALCO,MUJERES ILUSTRES,1
13124,XOCHIMILCO,SAN JUAN MINAS,1
11313,ÁLVARO OBREGÓN,AMPLIACION TLACUITLAPA,1
11681,COYOACÁN,FRACC JOYAS DEL PEDREGAL,5
11945,GUSTAVO A MADERO,LA LAGUNA TICOMAN,12
11317,ÁLVARO OBREGÓN,SEGUNDA DEL MORAL,4
12694,TLALPAN,FAROLES DEL PEDREGAL,1
13089,XOCHIMILCO,LORETO Y PEÑA POBRE,2
12276,IZTAPALAPA,LAS CRUCES,5
11182,ÁLVARO OBREGÓN,LAS GOLONDRINAS,2
11614,COYOACÁN,INSURGENTES SAN ANGEL,1
12731,TLALPAN,TORRES DE PADIERNA,5
12885,TLALPAN,FUENTES DE TEPEPAN,1
12797,TLALPAN,FRACC RES CHIMALI,2
11749,CUAJIMALPA DE MORELOS,VISTA HERMOSA,1
13015,XOCHIMILCO,SAN BARTOLO EL CHICO,6
12497,MIGUEL HIDALGO,SAN JUANICO,9
11499,BENITO JUÁREZ,INSURGENTES SAN BORJA,9
13098,XOCHIMILCO,XOCHIPILLI,2
11354,ÁLVARO OBREGÓN,IXTLAHUACA,1
12151,IZTACALCO,CAMPAMENTO 2 DE OCTUBRE,2
12432,LA MAGDALENA CONTRERAS,BARRIO BARRANCA SECA,2
12984,VENUSTIANO CARRANZA,AMPL AVIACION CIVIL,8
11195,ÁLVARO OBREGÓN,UNIDAD HAB LOMAS DE BECERRA,4
12566,MILPA ALTA,SAN SALVADOR CUAUHTENCO,9
12699,TLALPAN,CANTERA PUENTE DE PIEDRA,1
11121,ÁLVARO OBREGÓN,TOLTECA,2
11167,ÁLVARO OBREGÓN,AMPL LA CEBADA,3
12440,LA MAGDALENA CONTRERAS,RINCON DE TLACUILOTITLA,2
12902,TLALPAN,BELVEDERE,3
13012,XOCHIMILCO,MISIONES DE LA NORIA,2
11509,BENITO JUÁREZ,U HAB EMILIANO ZAPATA,1
12784,TLALPAN,VERGEL DEL SUR - FRACCIONAMIENTO -,2
11645,COYOACÁN,EJIDO CULHUACAN,4
11571,COYOACÁN,FRACC HERMOSILLO,4
11577,COYOACÁN,UNIDAD HAB SANTA MARTHA DEL SUR,2
12733,TLALPAN,CUCHILLA DE PADIERNA,2
11707,COYOACÁN,LOS ROBLES,1
11712,COYOACÁN,EL PARQUE DE COYOACAN,1
12313,IZTAPALAPA,EL TRIANGULO,3
12009,GUSTAVO A MADERO,SIETE MARAVILLAS,1
12320,IZTAPALAPA,FUEGO NUEVO,5
12532,MIGUEL HIDALGO,16 DE SEPTIEMBRE,3
12888,TLALPAN,VALLE VERDE,7
11682,COYOACÁN,PEDREGAL DE LA ZORRA,4
12273,IZTAPALAPA,SAN MIGUEL TEOTONGO(SECC RANCHO BA),2
12632,TLÁHUAC,BARRIO SANTIAGO ZAPOTITLAN,3
12023,GUSTAVO A MADERO,PLANETARIO LINDAVISTA,2
12457,MIGUEL HIDALGO,3RA SECC DEL BOSQUE DE CHAPULTEPEC,2
11267,ÁLVARO OBREGÓN,BALCONES DE CEGUAYO,1
13117,XOCHIMILCO,3 DE MAYO,1
11148,ÁLVARO OBREGÓN,MARTIRES DE TACUBAYA,3
11265,ÁLVARO OBREGÓN,LLANO REDONDO,3
12863,TLALPAN,PEDREGAL DE AMINCO,1
12864,TLALPAN,SAN MIGUEL TEHUISCO,3
13041,XOCHIMILCO,SAN MARCOS NORTE,5
11312,ÁLVARO OBREGÓN,TLACUITLAPA AMPLIACION 2DO REACOMODO,1
11382,AZCAPOTZALCO,UN HOGAR PARA CADA TRABAJADOR,6
12656,TLÁHUAC,BARRIO LA SOLEDAD,2
11138,ÁLVARO OBREGÓN,PANTEON SANTA FE,1
12073,GUSTAVO A MADERO,HORNOS DE ARAGON,1
12827,TLALPAN,CAMISETA CALVARIO,1
11887,GUSTAVO A MADERO,CUAUTEPEC DEL CARMEN,3
12844,TLALPAN,SANTISIMA TRINIDAD,1
12789,TLALPAN,PRADO COAPA 2DA SECC,1
11293,ÁLVARO OBREGÓN,COLINAS DE TARANGO,5
11752,CUAJIMALPA DE MORELOS,COOPERATIVA PALO ALTO,3
11866,GUSTAVO A MADERO,LA FORESTAL I,1
11612,COYOACÁN,BARRIO DEL NIÑO JESUS,1
11970,GUSTAVO A MADERO,JOSE MARIA MORELOS Y PAVON 2DA SECC,1
12605,TLÁHUAC,SAN MIGUEL ZAPOTITLA,1
12580,TLÁHUAC,BARRIO LA ASUNCION,7
11111,ÁLVARO OBREGÓN,UNIDAD HAB POPULAR TEPEACA,1
13021,XOCHIMILCO,AMPL TEPEPAN,4
11103,ÁLVARO OBREGÓN,BELEN DE LAS FLORES REACOMODO,1
11214,ÁLVARO OBREGÓN,BEJERO,2
11154,ÁLVARO OBREGÓN,GRAL ANTONIO ROSALES,2
12834,TLALPAN,EL CONVENTO,2
12665,TLÁHUAC,JAIME TORRES BODET,4
12764,TLALPAN,VERGEL COAPA,4
12184,IZTAPALAPA,REFORMA EDUCATIVA,2
12663,TLÁHUAC,ZONA RUSTICA,3
12700,TLALPAN,PUEBLO QUIETO,5
11469,AZCAPOTZALCO,SANTA LUCIA,3
11073,ÁLVARO OBREGÓN,AGRICOLA,2
11930,GUSTAVO A MADERO,LA PURISIMA TICOMAN,4
12567,MILPA ALTA,BARRIO SAN MIGUEL,3
11708,COYOACÁN,BARRIO SAN LUCAS,1
12504,MIGUEL HIDALGO,LAGO NORTE,3
12568,MILPA ALTA,BARRIO TLACPAC,1
12909,TLALPAN,2 DE OCTUBRE,3
12792,TLALPAN,POTRERO ACOXPA,1
11851,GUSTAVO A MADERO,AMPL SANTA CRUZ,4
12385,IZTAPALAPA,TRIANGULO DE LAS AGUJAS,1
11366,ÁLVARO OBREGÓN,AMPL TLACOYAQUE,1
11588,COYOACÁN,FOVISSSTE OXTOPULCO,2
12729,TLALPAN,EMILIO PORTES GIL,1
13112,XOCHIMILCO,LA PLANTA,7
13146,XOCHIMILCO,PROGRESO,1
13095,XOCHIMILCO,JAZMIN,1
13063,XOCHIMILCO,SAN DIEGO,2
12806,TLALPAN,RANCHO LOS COLORINES,4
11908,GUSTAVO A MADERO,AMPL BENITO JUAREZ,3
12904,TLALPAN,LOMAS DE CUILOTEPEC,1
11771,CUAJIMALPA DE MORELOS,LA CAMPIÑA,2
11587,COYOACÁN,BARRIO OXTOPULCO,5
13103,XOCHIMILCO,AMPL NATIVITAS LA JOYA,2
11423,AZCAPOTZALCO,HUAUTLA DE LAS SALINAS,2
12871,TLALPAN,LA GUADALUPANA,1
11515,BENITO JUÁREZ,MIGUEL ALEMAN,1
11258,ÁLVARO OBREGÓN,AMPL CORPUS CHRISTI,5
12676,TLÁHUAC,SAN AGUSTIN MIXQUIC,3
13013,XOCHIMILCO,PASEOS DEL SUR,4
13113,XOCHIMILCO,LAS CRUCES,2
11155,ÁLVARO OBREGÓN,LA HUERTA,2
12126,IZTACALCO,EX EMPLEADOS DE LA FORD,2
12157,IZTAPALAPA,BARRIO LA ASUNCION,4
11079,ÁLVARO OBREGÓN,BATAN BARRIO VIEJO,1
11652,COYOACÁN,INFONAVIT CULHUACAN ZONA 1,2
12464,MIGUEL HIDALGO,LOMAS DE SOTELO,3
11897,GUSTAVO A MADERO,CASTILLO GRANDE,2
12236,IZTAPALAPA,NEZAHUALCOYOTL,1
12510,MIGUEL HIDALGO,AMPL POPO,3
11128,ÁLVARO OBREGÓN,ISIDRO FABELA,1
13151,XOCHIMILCO,SANTA CRUZ CHAVARRIETA,3
12575,MILPA ALTA,PUEBLO SAN JUAN TEPENAHUAC,1
12861,TLALPAN,LOS ARCOS,1
13101,XOCHIMILCO,TEJOMULCO EL ALTO,1
12383,IZTAPALAPA,CAMPESTRE ESTRELLAS,2
12326,IZTAPALAPA,VALLE DE LUCES 1RA SECCION,2
12839,TLALPAN,SAN JUAN TEPEXIMILPA,1
11705,COYOACÁN,LOS CIPRESES,2
12725,TLALPAN,LOS FRAMBOYANES,1
11345,ÁLVARO OBREGÓN,LA ANGOSTURA,1
11893,GUSTAVO A MADERO,VILLAS DE CUAUTEPEC,1
12661,TLÁHUAC,LA ASUNCION,2
11273,ÁLVARO OBREGÓN,VALENTIN GOMEZ FARIAS,1
11139,ÁLVARO OBREGÓN,SANTA FE,2
12196,IZTAPALAPA,ALBARRADA,2
12914,TLALPAN,EJIDOS SAN ANDRES,2
11158,ÁLVARO OBREGÓN,CAMPO DE TIRO LOS GAMITOS,1
13114,XOCHIMILCO,SAN ANDRES,2
11184,ÁLVARO OBREGÓN,LAS GOLONDRINAS 2DA SECC,3
11270,ÁLVARO OBREGÓN,DOS RIOS,1
11691,COYOACÁN,OLIMPICA,2
11892,GUSTAVO A MADERO,DEL BOSQUE,3
12673,TLÁHUAC,BARRIO SAN BARTOLO MIXQUIC,3
13142,XOCHIMILCO,OLIVAR DE SANTA MARIA,1
12344,IZTAPALAPA,LOMAS EL MANTO,1
11731,COYOACÁN,FRACC LOS SAUCES,1
12878,TLALPAN,UNIDAD HAB ISSFAM,3
11310,ÁLVARO OBREGÓN,TLACUITLAPA 1ER REACOMODO,1
11643,COYOACÁN,MULTIFAMILIAR TLALPAN,2
12548,MILPA ALTA,BARRIO LA LUZ,5
11791,CUAJIMALPA DE MORELOS,CRUZ BLANCA,2
13007,XOCHIMILCO,BOSQUES RES DEL SUR,2
12409,LA MAGDALENA CONTRERAS,INDEPENDENCIA SAN RAMON,3
11885,GUSTAVO A MADERO,AHUEHUETES,3
11303,ÁLVARO OBREGÓN,AMPLIACION TLACUITLAPA II,1
11322,ÁLVARO OBREGÓN,EL ENCINO,1
12622,TLÁHUAC,MULTIROL TLAXCANES (HERRADURA TLAXCANES),3
13108,XOCHIMILCO,TECACALANCO,3
11743,CUAJIMALPA DE MORELOS,SAN PABLO CHIMALPA,1
12586,TLÁHUAC,SANTA ANA,1
12678,TLÁHUAC,LA CONCHITA,1
11093,ÁLVARO OBREGÓN,BELEN DE LAS FLORES SECCION LOMITA,1
11116,ÁLVARO OBREGÓN,REACOMODO PINO SUAREZ,1
11589,COYOACÁN,FORTIN CHIMALISTAC,2
13102,XOCHIMILCO,ALCANFORES,1
11197,ÁLVARO OBREGÓN,CUERNITO BECERRA REACOMODO,1
12550,MILPA ALTA,PUEBLO SAN AGUSTIN OHTENCO,1
11189,ÁLVARO OBREGÓN,DESARROLLO URBANO EL PIRU,1
11598,COYOACÁN,RINCONADA DE LOS REYES,1
11768,CUAJIMALPA DE MORELOS,AMADO NERVO,1
13029,XOCHIMILCO,VILLA DE LA NORIA,1
11769,CUAJIMALPA DE MORELOS,MANZANASTITLA,1
13118,XOCHIMILCO,LOS REYES,1
12832,TLALPAN,TEPETONGO,3
11298,ÁLVARO OBREGÓN,MINA LOS COYOTES,1
12781,TLALPAN,IGNACIO CHAVEZ,1
12573,MILPA ALTA,PUEBLO SAN JERONIMO MIACATLAN,1
13156,XOCHIMILCO,NUEVA TOTOTITLA,2
11342,ÁLVARO OBREGÓN,LOMA BONITA,2
11160,ÁLVARO OBREGÓN,PUEBLO NUEVO,2
11465,AZCAPOTZALCO,CAMPO ENCANTADO,1
11617,COYOACÁN,COPILCO UNIVERSIDAD ISSSTE,1
11738,CUAJIMALPA DE MORELOS,LA CANDELARIA,1
12417,LA MAGDALENA CONTRERAS,CERRO DEL JUDIO,1
12564,MILPA ALTA,BARRIO OCOTITLA,1
11277,ÁLVARO OBREGÓN,AVE REAL,1
11761,CUAJIMALPA DE MORELOS,COLORINES,1
12889,TLALPAN,TLALMILLE,1
13025,XOCHIMILCO,LA ENRAMADA,1
12353,IZTAPALAPA,UNIDAD HAB FOVISSSTE SAN JUAN,1
11882,GUSTAVO A MADERO,6 DE JUNIO,1
13055,XOCHIMILCO,LOS MORALES,2
11245,ÁLVARO OBREGÓN,ARTURO GAMIZ,2
12017,GUSTAVO A MADERO,CONDUMODULOS,1
12072,GUSTAVO A MADERO,FOVISSTE RIO DE GUADALIPE,2
12957,VENUSTIANO CARRANZA,MIGUEL HIDALGO,2
11595,COYOACÁN,BARRIO CUADRANTE DE SAN FRANCISCO,1
12851,TLALPAN,EL MIRADOR I,2
12359,IZTAPALAPA,SANTA MARIA DEL MONTE,2
11795,CUAJIMALPA DE MORELOS,VALLE DE LAS MONJAS,2
11783,CUAJIMALPA DE MORELOS,LOMAS EL OCOTE,2
12570,MILPA ALTA,BARRIO CENTRO,1
11868,GUSTAVO A MADERO,AMPL ARBOLEDAS DE CUAUTEPEC EL ALTO,1
12443,LA MAGDALENA CONTRERAS,RESIDENCIAL SANTA TERESA,1
11102,ÁLVARO OBREGÓN,BELEN DE LAS FLORES,1
11532,BENITO JUÁREZ,DEL LAGO,1
13121,XOCHIMILCO,GUADALUPANA,3
13135,XOCHIMILCO,CRISTO REY,1
12720,TLALPAN,PEDREGAL DEL LAGO,1
12906,TLALPAN,SAN NICOLAS II,1
13134,XOCHIMILCO,SANTIAGUITO,1
13042,XOCHIMILCO,TOLTENCO,1
13133,XOCHIMILCO,SAN FELIPE DE JESUS,2
11942,GUSTAVO A MADERO,ZACATENCO,1
11268,ÁLVARO OBREGÓN,CEGUAYA,1
12672,TLÁHUAC,VILLA TLATEMPA,1
13125,XOCHIMILCO,JUSTICIA SOCIAL,1
12821,TLALPAN,LAS HADAS,2
13071,XOCHIMILCO,INFONAVIT NATIVITAS,1
12759,TLALPAN,CONDOMINIO TRES FUENTES,1
12328,IZTAPALAPA,VALLE DE LUCES 3RA SECCION,2
11736,CUAJIMALPA DE MORELOS,LA MANZANITA,1
12268,IZTAPALAPA,SAN MIGUEL TEOTONGO(SECC CAMP),1
13152,XOCHIMILCO,CHAPULTEPEC,2
12738,TLALPAN,CRUZ DEL FAROL,1
12965,VENUSTIANO CARRANZA,CALLE 6 471,1
12612,TLÁHUAC,AMADO NERVO,1
12043,GUSTAVO A MADERO,7 DE JULIO,1
12712,TLALPAN,TORRES TLALPAN FOVISSSTE,1
11610,COYOACÁN,UNIDAD HAB DEL PACIFICO,1
13160,XOCHIMILCO,TEPOZANES,1
12243,IZTAPALAPA,CHILERO I,1
11327,ÁLVARO OBREGÓN,LOMAS DE GUADALUPE,1
11219,ÁLVARO OBREGÓN,PRECONCRETO,1
12704,TLALPAN,EQUIPAMIENTO FABRICA FISISA,1
11271,ÁLVARO OBREGÓN,AMPL DOS RIOS,1
12595,TLÁHUAC,DEL CARMEN,1
11156,ÁLVARO OBREGÓN,LOS GAMITOS,1
12758,TLALPAN,REAL DEL SUR,2
12903,TLALPAN,BELVEDERE DE ESLAVA,1
12873,TLALPAN,VALLE ESCONDIDO,1
13128,XOCHIMILCO,LAS ANIMAS,1
12766,TLALPAN,RINCONADA COAPA 2DA SECC,1
12253,IZTAPALAPA,OJITO DE AGUA,1
12648,TLÁHUAC,ZONA DE RESERVA ECOLOGICA,1
12788,TLALPAN,JARDINES VILLA COAPA,1
