11954,GUSTAVO A MADERO,RES ZACATENCO,246
11839,GUSTAVO A MADERO,TEPEYAC INSURGENTES,221
12054,GUSTAVO A MADERO,GUADALUPE INSURGENTES,38
12055,GUSTAVO A MADERO,VALLEJO,324
11833,CUAUHT텘OC,SAN SIMON TOLNAHUAC,78
11814,CUAUHT텘OC,SANTA MARIA INSURGENTES,41
11815,CUAUHT텘OC,ATLAMPA,48
11813,CUAUHT텘OC,SANTA MARIA LA RIBERA,206
11801,CUAUHT텘OC,TABACALERA,195
11816,CUAUHT텘OC,SAN RAFAEL,109
11818,CUAUHT텘OC,JUAREZ,247
11819,CUAUHT텘OC,ROMA NORTE,298
11802,CUAUHT텘OC,HIPODROMO,243
11542,BENITO JUREZ,NAPOLES,52
11500,BENITO JUREZ,DEL VALLE,128
11536,BENITO JUREZ,CIUDAD DE LOS DEPORTES,66
11499,BENITO JUREZ,INSURGENTES SAN BORJA,30
11502,BENITO JUREZ,TLACOQUEMECATL,86
11504,BENITO JUREZ,ACTIPAN,59
11549,BENITO JUREZ,CREDITO CONSTRUCTOR,34
11069,첿VARO OBREG흁,FLORIDA,108
11067,첿VARO OBREG흁,GUADALUPE INN,107
11065,첿VARO OBREG흁,SAN ANGEL,166
11077,첿VARO OBREG흁,CHIMALISTAC,57
11626,COYOAC쳁,CIUDAD UNIVERSITARIA,198
11665,COYOAC쳁,FRACC INSURGENTES CUICUILCO,26
12696,TLALPAN,VILLA OLIMPICA MIGUEL HIDALGO,12
12685,TLALPAN,MIGUEL HIDALGO,12
12749,TLALPAN,BARRIO LA FAMA,12
12831,TLALPAN,SANTA URSULA XITLA,24
12687,TLALPAN,TLALPAN CENTRO II,12
12848,TLALPAN,TLALCOLIGIA,12
12185,IZTAPALAPA,UNID HAB EJERC CONSTITUCIONALISTA,116
12116,IZTACALCO,AGRICOLA ORIENTAL,380
12187,IZTAPALAPA,UNIDAD HAB CABEZA DE JUAREZ,137
12207,IZTAPALAPA,LEYES DE REFORMA 3RA SECCION,44
12211,IZTAPALAPA,UNIDAD HAB CUCHILLA DEL MORAL II,22
12161,IZTAPALAPA,CENTRAL DE ABASTOS,327
12160,IZTAPALAPA,DOCTOR ALFONSO ORTIZ TIRADO,44
12159,IZTAPALAPA,REAL DEL MORAL,44
12117,IZTACALCO,EL RODEO,44
12113,IZTACALCO,MARIO MORENO,107
12112,IZTACALCO,GRANJAS MEXICO,187
12109,IZTACALCO,SANTA ANITA,78
12106,IZTACALCO,SAN FRANCISCO XICALTONGO,50
12105,IZTACALCO,SAN PEDRO,44
11519,BENITO JUREZ,MODERNA,60
11513,BENITO JUREZ,ALAMOS,118
11496,BENITO JUREZ,NARVARTE ORIENTE,108
11495,BENITO JUREZ,NARVARTE PONIENTE,92
11822,CUAUHT텘OC,ROMA SUR,58
11804,CUAUHT텘OC,HIPODROMO DE LA CONDESA,48
12536,MIGUEL HIDALGO,SAN MIGUEL CHAPULTEPEC,86
12538,MIGUEL HIDALGO,TACUBAYA,363
12212,IZTAPALAPA,CUCHILLAS DEL MORAL I,25
12171,IZTAPALAPA,JUAN ESCUTIA,332
11820,CUAUHT텘OC,DOCTORES,170
11800,CUAUHT텘OC,CENTRO,644
11811,CUAUHT텘OC,GUERRERO,379
11832,CUAUHT텘OC,UNIDAD HAB NONOALCO TLATELOLCO,122
11488,AZCAPOTZALCO,SAN FRANCISCO XOCOTITLA,34
11486,AZCAPOTZALCO,EL PORVENIR,87
11449,AZCAPOTZALCO,AMPL PRO HOGAR,100
11451,AZCAPOTZALCO,COLTONGO,68
11422,AZCAPOTZALCO,SAN ANDRES DE LAS SALINAS,44
11420,AZCAPOTZALCO,INDUSTRIAL VALLEJO,120
12002,GUSTAVO A MADERO,AMPL PROGRESO NACIONAL,34
12000,GUSTAVO A MADERO,SAN JOSE DE LA ESCALERA,68
12032,GUSTAVO A MADERO,GUADALUPE VICTORIA,61
11812,CUAUHT텘OC,BUENAVISTA,129
12920,VENUSTIANO CARRANZA,CENTRO,153
12931,VENUSTIANO CARRANZA,MORELOS,135
12933,VENUSTIANO CARRANZA,PENITENCIARIA,30
13000,VENUSTIANO CARRANZA,AERONAUTICA MILITAR,120
12948,VENUSTIANO CARRANZA,7 DE JULIO,128
12944,VENUSTIANO CARRANZA,AMPL PENITENCIARIA,30
12970,VENUSTIANO CARRANZA,AEROPUERTO INTER B JUAREZ,60
11959,GUSTAVO A MADERO,JUAN GONZALEZ ROMERO,42
11964,GUSTAVO A MADERO,DEL OBRERO,24
11965,GUSTAVO A MADERO,VASCO DE QUIROGA,64
11958,GUSTAVO A MADERO,SALVADOR DIAZ MIRON,29
11975,GUSTAVO A MADERO,CONSTITUCION DE LA REPUBLICA,87
11974,GUSTAVO A MADERO,GRANJAS MODERNAS,62
11977,GUSTAVO A MADERO,SANTA COLETA,42
12039,GUSTAVO A MADERO,GERTRUDIS SANCHEZ 2DA SECC,18
12048,GUSTAVO A MADERO,AMPL MARTIRES DE RIO BLANCO,56
12060,GUSTAVO A MADERO,LA JOYA,36
12937,VENUSTIANO CARRANZA,2DO TRAMO 20 DE NOVIEMBRE,18
12928,VENUSTIANO CARRANZA,MICHOACANA,24
12930,VENUSTIANO CARRANZA,AMPL 20 DE NOVIEMBRE,18
12977,VENUSTIANO CARRANZA,AMPL ADOLFO LOPEZ MATEOS,22
12919,VENUSTIANO CARRANZA,PUEBLA,94
12918,VENUSTIANO CARRANZA,VALENTIN GOMEZ FARIAS,28
12917,VENUSTIANO CARRANZA,INDUSTRIAL PUERTO AEREO,22
12994,VENUSTIANO CARRANZA,JARDIN BALBUENA,226
11119,첿VARO OBREG흁,CENTRAL CAMIONERA PONIENTE,10
11567,COYOAC쳁,CAMPESTRE CHURUBUSCO,152
11569,COYOAC쳁,COUNTRY CLUB,22
11526,BENITO JUREZ,MIRAVALLE,38
11524,BENITO JUREZ,ALBERT,16
11518,BENITO JUREZ,NATIVITAS,28
11521,BENITO JUREZ,VILLA DE CORTES,16
12103,IZTACALCO,VIADUCTO PIEDAD,16
11828,CUAUHT텘OC,VISTA ALEGRE,54
11825,CUAUHT텘OC,TRANSITO,30
12488,MIGUEL HIDALGO,TLAXPANA,28
12484,MIGUEL HIDALGO,UN HOGAR PARA NOSOTROS,16
12489,MIGUEL HIDALGO,POPOTLA,239
12490,MIGUEL HIDALGO,TACUBA,134
12468,MIGUEL HIDALGO,NUEVA ARGENTINA,10
11625,COYOAC쳁,FRACC COPILCO UNIVERSIDAD,10
11586,COYOAC쳁,OXTOPULCO UNIVERSIDAD,27
11560,COYOAC쳁,AMPL DEL CARMEN,34
11511,BENITO JUREZ,XOCO,10
11508,BENITO JUREZ,SANTA CRUZ ATOYAC,168
11498,BENITO JUREZ,DEL VALLE CENTRO,10
11821,CUAUHT텘OC,CENTRO URBANO BENITO JUAREZ,10
11835,GUSTAVO A MADERO,SANTA ISABEL TOLA,80
12989,VENUSTIANO CARRANZA,SEVILLA,12
12999,VENUSTIANO CARRANZA,DEL PARQUE,24
12929,VENUSTIANO CARRANZA,AMPL MICHOACANA,12
12056,GUSTAVO A MADERO,MARTIRES DE RIO BLANCO,34
12051,GUSTAVO A MADERO,TABLAS DE SAN AGUSTIN,100
11842,GUSTAVO A MADERO,15 DE AGOSTO,42
12016,GUSTAVO A MADERO,VALLEJO LA PATERA,70
12025,GUSTAVO A MADERO,NUEVA VALLEJO,46
12028,GUSTAVO A MADERO,AMPL PANAMERICANA,50
11806,CUAUHT텘OC,PERALVILLO,64
12924,VENUSTIANO CARRANZA,VALLE GOMEZ,16
12938,VENUSTIANO CARRANZA,20 DE NOVIEMBRE 5TO TRAMO,17
12951,VENUSTIANO CARRANZA,SIMON BOLIVAR,10
12959,VENUSTIANO CARRANZA,PENSADOR MEXICANO,97
12979,VENUSTIANO CARRANZA,FEDERAL,32
12984,VENUSTIANO CARRANZA,AMPL AVIACION CIVIL,52
11394,AZCAPOTZALCO,INFONAVIT EL ROSARIO,410
11411,AZCAPOTZALCO,PASTEROS,52
11377,AZCAPOTZALCO,SAN MARCOS,10
11445,AZCAPOTZALCO,BARRIO JAGUEY,46
11426,AZCAPOTZALCO,LAS SALINAS,10
12020,GUSTAVO A MADERO,CHURUBUSCO TEPEYAC,46
11834,GUSTAVO A MADERO,ARAGON,189
11439,AZCAPOTZALCO,LA PRECIOSA,46
11385,AZCAPOTZALCO,BARRIO NEXTENGO,144
11391,AZCAPOTZALCO,ANGEL ZIMBRON,124
12498,MIGUEL HIDALGO,MODELO,10
12525,MIGUEL HIDALGO,CHAPULTEPEC MORALES,97
12458,MIGUEL HIDALGO,1RA SECC DEL BOSQUE DE CHAPULTEPEC,235
12535,MIGUEL HIDALGO,AMPL DANIEL GARZA,24
11540,BENITO JUREZ,SAN PEDRO DE LOS PINOS,206
11535,BENITO JUREZ,NONOALCO,135
12345,IZTAPALAPA,LOS ANGELES,171
12351,IZTAPALAPA,PLAN DE IGUALA,10
12339,IZTAPALAPA,EL SANTUARIO,46
12338,IZTAPALAPA,SANTA ISABEL INDUSTRIAL,46
12165,IZTAPALAPA,GRANJAS SAN ANTONIO,100
12231,IZTAPALAPA,ACULCO,35
12235,IZTAPALAPA,PURISIMA ATLAZOLPA,106
12146,IZTACALCO,IZTACALCO INFONAVIT,65
12131,IZTACALCO,TLAZINTLA,40
12985,VENUSTIANO CARRANZA,JAMAICA,26
11824,CUAUHT텘OC,OBRERA,92
12101,IZTACALCO,PANTITLAN,320
12115,IZTACALCO,UNIDAD DEPORTIVA MAGDALENA MIXHUCA,20
11830,CUAUHT텘OC,ALGARIN,26
11823,CUAUHT텘OC,BUENOS AIRES,10
12531,MIGUEL HIDALGO,ESCANDON,98
12191,IZTAPALAPA,UNIDAD HAB EJERCITO DE ORIENTE,52
12175,IZTAPALAPA,ZONA URB STA MARTHA ACATITLA NORTE,190
12254,IZTAPALAPA,PUEBLO SANTA MARTHA ACATITLA,334
12179,IZTAPALAPA,CONJ URBANO POP ERMITA ZARAGOZA,94
12063,GUSTAVO A MADERO,BOSQUE DE SAN JUAN DE ARAGON,240
12090,GUSTAVO A MADERO,SAN JUAN DE ARAGON 3RA SECC,73
12961,VENUSTIANO CARRANZA,MOCTEZUMA 2DA SECC,169
11805,CUAUHT텘OC,MORELOS,150
12654,TL첻UAC,OJO DE AGUA,178
12637,TL첻UAC,LA CONCHITA ZAPOTITLAN,94
12631,TL첻UAC,SANTIAGO SUR,148
12626,TL첻UAC,SANTA ANA PONIENTE,130
12609,TL첻UAC,LOS OLIVOS,58
12397,IZTAPALAPA,EL ROSARIO,34
12395,IZTAPALAPA,LA ESPERANZA,106
12391,IZTAPALAPA,UNIDAD HAB BENITO JUAREZ,28
12389,IZTAPALAPA,LOMAS ESTRELLA 2DA SECCION,46
12379,IZTAPALAPA,SAN ANDRES TOMATLAN,28
12325,IZTAPALAPA,UNIDAD HAB SAN ANTONIO CULHUACAN,46
12335,IZTAPALAPA,LOS CIPRESES,64
11570,COYOAC쳁,PRADO CHURUBUSCO,46
11506,BENITO JUREZ,PORTALES SUR,130
11510,BENITO JUREZ,FRACC RES EMPERADORES,20
11501,BENITO JUREZ,DEL VALLE SUR,138
11503,BENITO JUREZ,CENTRO URBANO PRESIDENTE ALEMAN,30
11546,BENITO JUREZ,MIXCOAC,303
11074,첿VARO OBREG흁,GUADALUPE CHIMALISTAC,10
12034,GUSTAVO A MADERO,INDUSTRIAL,146
11924,GUSTAVO A MADERO,LINDAVISTA,219
11955,GUSTAVO A MADERO,CAPULTITLAN,52
11541,BENITO JUREZ,AMPL NAPOLES,4
11537,BENITO JUREZ,NOCHE BUENA,4
11539,BENITO JUREZ,EXTREMADURA INSURGENTES,20
11547,BENITO JUREZ,INSURGENTES MIXCOAC,60
11545,BENITO JUREZ,SAN JOSE INSURGENTES,149
11086,첿VARO OBREG흁,LORETO,66
11544,BENITO JUREZ,8 DE AGOSTO,51
11548,BENITO JUREZ,MERCED GOMEZ,102
11066,첿VARO OBREG흁,LOS ALPES,103
11070,첿VARO OBREG흁,CAMPESTRE,33
11082,첿VARO OBREG흁,LORETO Y CAMPAMENTO,21
11538,BENITO JUREZ,SAN JUAN,71
11803,CUAUHT텘OC,CONDESA,152
12204,IZTAPALAPA,GUADALUPE DEL MORAL,24
12206,IZTAPALAPA,LEYES DE REFORMA 2DA SECCION,12
12180,IZTAPALAPA,UNIDAD HAB VICENTE GUERRERO,133
12203,IZTAPALAPA,UNIDAD HAB SANTA CRUZ MEYEHUALCO,168
12251,IZTAPALAPA,Z URB EJ STA MARIA AZTAHUACAN,42
12250,IZTAPALAPA,SANTA MARIA AZTAHUACAN,84
12259,IZTAPALAPA,MONTE ALBAN,18
12264,IZTAPALAPA,2DA AMPL SANTIAGO ACAHUALTEPEC,372
12291,IZTAPALAPA,MIGUEL DE LA MADRID HURTADO,162
12289,IZTAPALAPA,IXTLAHUACAN,192
12271,IZTAPALAPA,SAN MIGUEL TEOTONGO(SECC LA CRUZ),48
12270,IZTAPALAPA,SAN MIGUEL TEOTONGO(SECC GUADALUPE),54
12279,IZTAPALAPA,AMPL EMILIANO ZAPATA,96
12602,TL첻UAC,SANTA CATARINA AMPLIACION,48
12597,TL첻UAC,PUEBLO SANTA CATARINA YECAHUIZOTL,126
12266,IZTAPALAPA,SAN MIGUEL TEOTONGO (SECC MERCEDES),48
12275,IZTAPALAPA,SAN MIGUEL TEOTONGO (SECC LAS TORR),180
12265,IZTAPALAPA,LOMAS DE ZARAGOZA,198
12262,IZTAPALAPA,SANTIAGO ACAHUALTEPEC,198
12257,IZTAPALAPA,PARAJE ZACATEPEC,6
12261,IZTAPALAPA,EJRCITO DE AGUA PRIETA,42
12210,IZTAPALAPA,LEYES DE REFORMA,24
12252,IZTAPALAPA,AMPL Z URB EJ STA MARIA AZTAHUACAN,66
12202,IZTAPALAPA,JACARANDAS,48
12201,IZTAPALAPA,COLONIAL IZTAPALAPA,48
12200,IZTAPALAPA,CONSTITUCION DE 1917,105
12219,IZTAPALAPA,AMPL SAN MIGUEL,18
12218,IZTAPALAPA,2DA AMPLIACI흁 BARRIO SAN MIGUEL (SAN FELIPE TERREMOTES),18
12217,IZTAPALAPA,BARRIO SAN MIGUEL,90
12154,IZTAPALAPA,BARRIO SAN PABLO,18
12153,IZTAPALAPA,BARRIO SAN LUCAS,36
12156,IZTAPALAPA,BARRIO SANTA BARBARA,12
12163,IZTAPALAPA,ESCUADRON 201,115
12169,IZTAPALAPA,HEROES DE CHURUBUSCO,18
12170,IZTAPALAPA,MEXICALTZINGO,36
12167,IZTAPALAPA,UNIDAD HAB XOPA,18
12166,IZTAPALAPA,CACAMA,31
12247,IZTAPALAPA,SINATEL,43
12246,IZTAPALAPA,MAESTRO JUSTO SIERRA,24
12241,IZTAPALAPA,SAN ANDRES TETEPILCO,6
11525,BENITO JUREZ,PORTALES ORIENTE,16
11507,BENITO JUREZ,PORTALES NORTE,86
12245,IZTAPALAPA,BANJIDAL,30
12334,IZTAPALAPA,GRANJAS ESMERALDA,18
12333,IZTAPALAPA,PROGRESO DEL SUR,78
12343,IZTAPALAPA,EL MOLINO,30
12350,IZTAPALAPA,8VA AMPLIACION SAN MIGUEL,18
12366,IZTAPALAPA,SAN JUAN CENTRO,18
12304,IZTAPALAPA,LA HERA,96
12309,IZTAPALAPA,LAS PE헤S,102
12293,IZTAPALAPA,PUEBLO SANTA CRUZ MEYEHUALCO,276
12306,IZTAPALAPA,SIERRA DEL VALLE,30
12305,IZTAPALAPA,REFORMA POLITICA,186
12286,IZTAPALAPA,CITLALLI,30
12282,IZTAPALAPA,XALPA,108
12263,IZTAPALAPA,1RA AMPL SANTIAGO ACAHUALTEPEC,54
11841,GUSTAVO A MADERO,GUSTAVO A MADERO,146
11845,GUSTAVO A MADERO,MARTIN CARRERA,64
11952,GUSTAVO A MADERO,JUAN DE DIOS BATIZ,108
12022,GUSTAVO A MADERO,U. PROF. ADOLFO LOPEZ MATEOS,195
11941,GUSTAVO A MADERO,SAN JOSE TICOMAN,42
11951,GUSTAVO A MADERO,UNID PROFES ZACATENCO LINDAVISTA,79
12013,GUSTAVO A MADERO,TORRES LINDAVISTA,6
12007,GUSTAVO A MADERO,NUEVA INDUSTRIAL VALLEJO NORTE,84
11421,AZCAPOTZALCO,FERRERIA,12
11446,AZCAPOTZALCO,ESTACION PANTACO,116
11419,AZCAPOTZALCO,SANTA CATARINA,48
11416,AZCAPOTZALCO,SANTA BARBARA,192
11406,AZCAPOTZALCO,NUEVA AMPL EL ROSARIO,54
11404,AZCAPOTZALCO,TEPANTONGO CRUZ ROJA,30
11415,AZCAPOTZALCO,REYNOSA TAMAULIPAS,42
11375,AZCAPOTZALCO,NUEVO SAN RAFAEL,36
11373,AZCAPOTZALCO,SAN RAFAEL,84
11413,AZCAPOTZALCO,BARRIO SAN SIMON,36
11414,AZCAPOTZALCO,VILLA AZCAPOTZALCO,110
11390,AZCAPOTZALCO,SAN ALVARO,63
12491,MIGUEL HIDALGO,ANGEL ZIMBRON,12
11418,AZCAPOTZALCO,SAN ANDRES,24
12017,GUSTAVO A MADERO,CONDUMODULOS,6
11976,GUSTAVO A MADERO,AMPL SAN JUAN DE ARAGON,23
12972,VENUSTIANO CARRANZA,EL ARENAL 4TA SECC,63
12975,VENUSTIANO CARRANZA,EL ARENAL 3RA SECC,48
12978,VENUSTIANO CARRANZA,EL ARENAL 2DA SECC,62
12963,VENUSTIANO CARRANZA,EL ARENAL 1RA SECC,66
12971,VENUSTIANO CARRANZA,CARACOL,24
12976,VENUSTIANO CARRANZA,ADOLFO LOPEZ MATEOS,84
12966,VENUSTIANO CARRANZA,CUCHILLA PANTITLAN,24
12596,TL첻UAC,GUADALUPE YECAHUIZOTL,48
12598,TL첻UAC,SAN MIGUEL YECAHUIZOTL,138
12643,TL첻UAC,SELENE 1A SECCION,96
12653,TL첻UAC,GUADALUPE TLALTENCO,96
12640,TL첻UAC,PUEBLO SAN FRANCISCO TLALTENCO,72
12629,TL첻UAC,SANTIAGO CENTRO,126
12624,TL첻UAC,SANTA ANA CENTRO,60
12627,TL첻UAC,SANTA ANA SUR,60
12639,TL첻UAC,COCHINITA A,24
12618,TL첻UAC,VILLAS LA DRAGA,36
12604,TL첻UAC,MIGUEL HIDALGO,24
12620,TL첻UAC,VILLA CENTROAMERICANA Y DEL CARIBE,24
12616,TL첻UAC,AMPL MIGUEL HIDALGO,12
12617,TL첻UAC,DEL MAR,96
13039,XOCHIMILCO,LA CIENEGA CHICA,126
12402,IZTAPALAPA,CONJUNTO HAB CELOALLIOTLI,12
12396,IZTAPALAPA,JOSE LOPEZ PORTILLO,32
13040,XOCHIMILCO,PARQUE ECOLOGICO DE XOCHIMILCO,53
12781,TLALPAN,IGNACIO CHAVEZ,20
12772,TLALPAN,RINCONADA COAPA 1RA SECC,20
12815,TLALPAN,RESIDENCIAL VILLA COAPA SUPER MANZANA 1,81
12814,TLALPAN,NARCIZO MENDOZA SUPER MANZANA 6 VILLA COAPA,12
12819,TLALPAN,VILLA COAPA,72
12820,TLALPAN,EQUIPAMIENTO PLAZA COAPA,6
12789,TLALPAN,PRADO COAPA 2DA SECC,6
12783,TLALPAN,VERGEL DEL SUR,6
12785,TLALPAN,EQUIPAMIENTO COLEGIO MEXICO,6
12795,TLALPAN,SAN LORENZO HUIPULCO,254
11677,COYOAC쳁,SANTA URSULA COAPA,330
11668,COYOAC쳁,PEDREGAL SANTA URSULA,162
11579,COYOAC쳁,AJUSCO,102
11629,COYOAC쳁,PEDREGAL DE SANTO DOMINGO,144
11694,COYOAC쳁,BOSQUES DE TETLALMEYA,60
12796,TLALPAN,VILLA LAZARO CARDENAS,18
12818,TLALPAN,UNID HAB NARCISO MENDOZA 5 VILLA COAPA,6
12811,TLALPAN,NARCISO MENDOZA SUPER MANZANA 2 VILLA COAPA,78
13038,XOCHIMILCO,SAN LORENZO LA CEBADA,140
13035,XOCHIMILCO,VASO DE REGULACION,20
13034,XOCHIMILCO,PISTA OLIMPICA VIRGILIO URIBE (CANAL DE CUEMANCO),20
12652,TL첻UAC,ZACATENCO,90
11957,GUSTAVO A MADERO,TLACAMACA,22
12026,GUSTAVO A MADERO,AMPL MAGDALENA DE LAS SALINAS,52
12024,GUSTAVO A MADERO,VALLE DEL TEPEYAC,16
12019,GUSTAVO A MADERO,UNIDAD LINDAVISTA VALLEJO,85
12021,GUSTAVO A MADERO,SAN BARTOLO ATEPEHUACAN,16
11998,GUSTAVO A MADERO,PROGRESO NACIONAL,102
11916,GUSTAVO A MADERO,ACUEDUCTO DE GUADALUPE,132
11909,GUSTAVO A MADERO,SOLIDARIDAD NACIONAL,312
11899,GUSTAVO A MADERO,ZONA ESCOLAR,216
11895,GUSTAVO A MADERO,CHALMA DE GUADALUPE,228
11873,GUSTAVO A MADERO,LOMA DE LA PALMA,60
11875,GUSTAVO A MADERO,TLACAELEL 1,24
11874,GUSTAVO A MADERO,TLACAELEL,78
11877,GUSTAVO A MADERO,LUIS DONALDO COLOSIO MURRIETA,66
11862,GUSTAVO A MADERO,COMPOSITORES MEXICANOS,114
11861,GUSTAVO A MADERO,PRADOS DE CUAUTEPEC,18
11918,GUSTAVO A MADERO,ZONA RES ACUEDUCTO DE GUADALUPE,30
12003,GUSTAVO A MADERO,GUADALUPE PROLETARIA,18
12027,GUSTAVO A MADERO,MAGDALENA DE LAS SALINAS,22
12307,IZTAPALAPA,PRESIDENTES DE MEXICO,40
12374,IZTAPALAPA,AMPL BELLAVISTA,40
12376,IZTAPALAPA,SAN JUAN ESTRELLA,20
12316,IZTAPALAPA,LOMAS DE SAN LORENZO,92
12370,IZTAPALAPA,MARIA ESTHER ZUNO DE ECHEVERRIA,90
12382,IZTAPALAPA,VERGEL,56
12386,IZTAPALAPA,UNIDAD HAB MILITAR SEDENA,14
12385,IZTAPALAPA,TRIANGULO DE LAS AGUJAS,47
12816,TLALPAN,RESIDENCIAL VILLA COAPA SUPER MANZANA 4,26
12803,TLALPAN,SAN BARTOLO EL CHICO,42
12809,TLALPAN,ARENAL DE GUADALUPE,25
11691,COYOAC쳁,OLIMPICA,14
11683,COYOAC쳁,DEL PEDREGAL,14
11371,첿VARO OBREG흁,JARDINES DEL PEDREGAL,347
11075,첿VARO OBREG흁,ALTAVISTA,51
11072,첿VARO OBREG흁,TLACOPAC,7
11108,첿VARO OBREG흁,U SEARS ROEBUCK,26
12455,MIGUEL HIDALGO,LOMAS DE CHAPULTEPEC,190
12514,MIGUEL HIDALGO,DEL BOSQUE,28
12515,MIGUEL HIDALGO,LOS MORALES,14
12513,MIGUEL HIDALGO,IRRIGACION,21
12467,MIGUEL HIDALGO,PERIODISTA,7
12464,MIGUEL HIDALGO,LOMAS DE SOTELO,28
12528,MIGUEL HIDALGO,RESIDENCIAL MILITAR,7
12529,MIGUEL HIDALGO,REFORMA SOCIAL,104
12459,MIGUEL HIDALGO,2DA SECC DEL BOSQUE DE CHAPULTEPEC,70
12537,MIGUEL HIDALGO,OBSERVATORIO,52
11118,첿VARO OBREG흁,BELLAVISTA,92
11132,첿VARO OBREG흁,8 DE AGOSTO,21
11131,첿VARO OBREG흁,SAN PEDRO DE LOS PINOS,7
11133,첿VARO OBREG흁,CAROLA,86
11236,첿VARO OBREG흁,ALFONSO XIII,50
11241,첿VARO OBREG흁,TORRES DE MIXCOAC,38
11291,첿VARO OBREG흁,MERCED GOMEZ,170
11343,첿VARO OBREG흁,ATLAMAYA,19
11080,첿VARO OBREG흁,PROGRESO,14
12414,LA MAGDALENA CONTRERAS,PEDREGAL DE SAN JERONIMO,115
12430,LA MAGDALENA CONTRERAS,SAN JERONIMO ACULCO,71
12732,TLALPAN,JARDINES EN LA MONTA헤,156
11664,COYOAC쳁,AMPL INSURGENTES CUICUILCO,21
12697,TLALPAN,ISIDRO FABELA,21
12700,TLALPAN,PUEBLO QUIETO,7
12702,TLALPAN,TORIELLO GUERRA,326
12710,TLALPAN,BELISARIO DOMINGUEZ SECCION XVI,207
12876,TLALPAN,ARENAL TEPEPAN,7
12808,TLALPAN,GUADALUPE,31
12802,TLALPAN,GLORIETA DE VAQUERITOS,7
12315,IZTAPALAPA,ANO DE JUAREZ,70
12314,IZTAPALAPA,PUENTE BLANCO,40
12302,IZTAPALAPA,LOS ANGELES APANOAYA,45
12347,IZTAPALAPA,CUITLAHUAC EL ROSAL,51
12267,IZTAPALAPA,SAN MIGUEL TEOTONGO(SECC AVIS),24
12268,IZTAPALAPA,SAN MIGUEL TEOTONGO(SECC CAMP),36
12272,IZTAPALAPA,SAN MIGUEL TEOTONGO(SECC PALMAS),66
12176,IZTAPALAPA,FUENTES DE ZARAGOZA,78
12258,IZTAPALAPA,ZONA URB STA MARTHA ACATITLA SUR,126
12174,IZTAPALAPA,SAN LORENZO XICOTENCATL,126
12102,IZTACALCO,AGUA CALIENTE,42
12981,VENUSTIANO CARRANZA,CUATRO ARBOLES,102
12183,IZTAPALAPA,TEPALCATES,133
12189,IZTAPALAPA,GUELATAO BENITO JUAREZ,42
12192,IZTAPALAPA,EL PARAISO,42
12181,IZTAPALAPA,CHINAMPAC DE JUAREZ,102
13006,XOCHIMILCO,BOSQUES DEL SUR,31
13010,XOCHIMILCO,EJIDOS DE TEPEPAN,75
13013,XOCHIMILCO,PASEOS DEL SUR,43
13028,XOCHIMILCO,POTRERO DE SAN BERNARDINO,68
13050,XOCHIMILCO,TIERRA NUEVA,31
13023,XOCHIMILCO,HUICHAPAN,37
13070,XOCHIMILCO,SAN PEDRO,178
13054,XOCHIMILCO,UNIDAD HAB CORPORACION XOCHIMILCO,61
13067,XOCHIMILCO,TABLAS DE SAN LORENZO,31
13100,XOCHIMILCO,PUEBLO NATIVITAS,141
13068,XOCHIMILCO,XALTOCAN,230
13049,XOCHIMILCO,SAN MARCOS,112
13041,XOCHIMILCO,SAN MARCOS NORTE,25
13043,XOCHIMILCO,AMPL SAN MARCOS NORTE,31
12186,IZTAPALAPA,CABEZA DE JUAREZ VI,7
12990,VENUSTIANO CARRANZA,MAGDALENA MIXHUCA,66
12110,IZTACALCO,LA CRUZ,18
12111,IZTACALCO,COYUYA,30
12125,IZTACALCO,RICARDO FLORES MAGON,18
12130,IZTACALCO,JUVENTINO ROSAS,54
12137,IZTACALCO,LOS PICOS DE IZTACALCO 1RA SECC,30
12150,IZTACALCO,BENITO JUAREZ,36
12229,IZTAPALAPA,MAGDALENA ATLAZOLPA,18
12225,IZTAPALAPA,SIFON,31
12336,IZTAPALAPA,VALLE DEL SUR,18
12329,IZTAPALAPA,BARRIO SAN ANTONIO CULHUACAN,30
12330,IZTAPALAPA,BARRIO TULA CULHUACAN,54
11575,COYOAC쳁,SAN FRANCISCO CULHUACAN,150
11646,COYOAC쳁,UNIDAD HAB OBRERO CTM CULHUACAN 5,30
11656,COYOAC쳁,UNIDAD HAB OBRERO CTM CULHUACAN 6,66
11699,COYOAC쳁,EX EJIDO SAN PABLO TEPETLAPA,36
11701,COYOAC쳁,CONJ HAB ALIANZA POP REVOLUCIONARIA04800,36
11730,COYOAC쳁,UNID OBRERO CTM CULHUACAN SECC 10,30
11734,COYOAC쳁,HACIENDA DE COYOACAN,18
12770,TLALPAN,VILLA DE BENALMADENA,6
12774,TLALPAN,GRANJAS COAPA,30
13093,XOCHIMILCO,LOMAS DE TONALCO,36
12812,TLALPAN,NARCISO MENDOZA SUPER MANZANA 3 VILLA COAPA,24
12813,TLALPAN,NARCISO MENDOZA SUPER MANZANA 4 VILLA COAPA,36
11732,COYOAC쳁,MIRADOR,6
11720,COYOAC쳁,FRACC RES CAFETALES,12
11721,COYOAC쳁,UNIDAD HAB EMILIANO ZAPATA,48
11662,COYOAC쳁,UNIDAD HAB PILOTO CULHUACAN,30
11660,COYOAC쳁,UNID OBRERO CTM CULHUACAN SECC 7,54
12332,IZTAPALAPA,MINERVA,18
12356,IZTAPALAPA,LOS REYES CULHUACAN,18
12228,IZTAPALAPA,JARDINES DE CHURUBUSCO,18
12998,VENUSTIANO CARRANZA,KENNEDY,66
12958,VENUSTIANO CARRANZA,MOCTEZUMA 1RA SECC,18
11945,GUSTAVO A MADERO,LA LAGUNA TICOMAN,60
11950,GUSTAVO A MADERO,SAN PEDRO ZACATENCO,24
11949,GUSTAVO A MADERO,SAN RAFAEL TICOMAN,6
11947,GUSTAVO A MADERO,GUADALUPE TICOMAN,42
11939,GUSTAVO A MADERO,SANTA MARIA TICOMAN,48
11393,AZCAPOTZALCO,HIPODROMO TEXTIL,12
11397,AZCAPOTZALCO,MANUEL RIVERA ANAYA CROC I,18
11405,AZCAPOTZALCO,UNIDAD HAB SAN PABLO XALPA,24
11388,AZCAPOTZALCO,CLAVERIA,90
11400,AZCAPOTZALCO,UNIDAD ECOLOGICA NOVEDADES IMPACTO,18
11403,AZCAPOTZALCO,XOCHINAHUAC,36
11398,AZCAPOTZALCO,UNIDAD HAB MANUEL RIVERA ANAYA,24
12084,GUSTAVO A MADERO,ARAGON FOVISSSTE,12
12065,GUSTAVO A MADERO,SAN JUAN DE ARAGON 6TA SECC,6
12064,GUSTAVO A MADERO,SAN JUAN DE ARAGON 7MA SECC,66
12078,GUSTAVO A MADERO,SAN JUAN DE ARAGON,45
11997,GUSTAVO A MADERO,CASAS ALEMAN,57
11966,GUSTAVO A MADERO,DM NACIONAL,39
11450,AZCAPOTZALCO,PRO HOGAR,31
11456,AZCAPOTZALCO,POTRERO DEL LLANO,19
11443,AZCAPOTZALCO,UNIDAD HAB CUITLAHUAC,80
11477,AZCAPOTZALCO,SAN BERNABE,93
11447,AZCAPOTZALCO,JARDIN AZPEITIA,55
12480,MIGUEL HIDALGO,ANAHUAC MARIANO ESCOBEDO,75
12516,MIGUEL HIDALGO,GRANADA,84
12526,MIGUEL HIDALGO,ANZURES,48
12523,MIGUEL HIDALGO,RINCON DEL BOSQUE,33
12527,MIGUEL HIDALGO,NUEVA ANZURES,24
12482,MIGUEL HIDALGO,CASA BLANCA,57
12481,MIGUEL HIDALGO,ANAHUAC,87
11481,AZCAPOTZALCO,SAN SALVADOR XOCHIMANCA,54
11478,AZCAPOTZALCO,OBRERO POPULAR,57
11475,AZCAPOTZALCO,HOGAR Y SEGURIDAD,34
11474,AZCAPOTZALCO,VICTORIA DE LAS DEMOCRACIAS,40
11484,AZCAPOTZALCO,AMPL COSMOPOLITA,65
11482,AZCAPOTZALCO,AGUILERA,55
11485,AZCAPOTZALCO,LIBERACION,51
12030,GUSTAVO A MADERO,HEROE DE NACOZARI,16
12041,GUSTAVO A MADERO,GUADALUPE TEPEYAC,136
12035,GUSTAVO A MADERO,ESTRELLA,45
12068,GUSTAVO A MADERO,INDECO,6
12072,GUSTAVO A MADERO,FOVISSTE RIO DE GUADALIPE,6
12080,GUSTAVO A MADERO,SAN MIGUEL 2DA SECC,6
12066,GUSTAVO A MADERO,SAN JUAN DE ARAGON EJIDOS 2DA SECC,30
11512,BENITO JUREZ,GRAL PEDRO MARIA ANAYA,26
11527,BENITO JUREZ,ERMITA,18
12249,IZTAPALAPA,EL PRADO,12
12534,MIGUEL HIDALGO,DANIEL GARZA,24
12532,MIGUEL HIDALGO,16 DE SEPTIEMBRE,102
12457,MIGUEL HIDALGO,3RA SECC DEL BOSQUE DE CHAPULTEPEC,84
12454,MIGUEL HIDALGO,LOMAS ALTAS,228
11142,첿VARO OBREG흁,ZEDEC SANTA FE,212
11746,CUAJIMALPA DE MORELOS,LOMAS DE VISTA HERMOSA,174
11774,CUAJIMALPA DE MORELOS,ROBLE VIEJO,18
11775,CUAJIMALPA DE MORELOS,EL MOLINITO,36
11737,CUAJIMALPA DE MORELOS,CUAJIMALPA,195
11740,CUAJIMALPA DE MORELOS,LOMAS DEL PADRE,73
11786,CUAJIMALPA DE MORELOS,ZONA RUSTICA,18
11791,CUAJIMALPA DE MORELOS,CRUZ BLANCA,60
11785,CUAJIMALPA DE MORELOS,SAN LORENZO ACOPILCO,120
11794,CUAJIMALPA DE MORELOS,DESIERTO DE LOS LEONES,168
11795,CUAJIMALPA DE MORELOS,VALLE DE LAS MONJAS,26
11789,CUAJIMALPA DE MORELOS,ABDIAS GARCIA SOTO,18
11777,CUAJIMALPA DE MORELOS,LOMAS DE MEMETLA,18
11771,CUAJIMALPA DE MORELOS,LA CAMPI헤,18
11759,CUAJIMALPA DE MORELOS,GIRALTA,79
11213,첿VARO OBREG흁,FRACC PASEO DE LAS LOMAS,18
11144,첿VARO OBREG흁,INDUSTRIAS MILITARES DE SEDENA,108
11103,첿VARO OBREG흁,BELEN DE LAS FLORES REACOMODO,60
11100,첿VARO OBREG흁,LAS PALMAS,24
11105,첿VARO OBREG흁,HIDALGO,30
11106,첿VARO OBREG흁,LAS AMERICAS,36
11104,첿VARO OBREG흁,COVE,96
11653,COYOAC쳁,INFONAVIT CULHUACAN ZONA 2,12
11657,COYOAC쳁,UNIDAD HAB SAN FRANCISCO CULHUACAN,102
11711,COYOAC쳁,LOS JARDINES DE COYOACAN,24
11722,COYOAC쳁,LOS GIRASOLES III,24
12764,TLALPAN,VERGEL COAPA,12
12755,TLALPAN,FRACC RES ACOXPA,12
12758,TLALPAN,REAL DEL SUR,12
12754,TLALPAN,RES MIRAMONTES,24
11724,COYOAC쳁,LOS GIRASOLES II,12
11726,COYOAC쳁,LAS CAMPANAS,24
11659,COYOAC쳁,CROC CULHUACAN SECC 6 (CTM VI CULHUACAN),6
11654,COYOAC쳁,INFONAVIT CULHUACAN ZONA 3,6
12546,MILPA ALTA,CENTRO MILPA ALTA,36
12545,MILPA ALTA,BARRIO SANTA MARTHA,96
12544,MILPA ALTA,BARRIO SANTA CRUZ,12
12550,MILPA ALTA,PUEBLO SAN AGUSTIN OHTENCO,24
12574,MILPA ALTA,SAN FRANCISCO TECOXPA,12
12557,MILPA ALTA,BARRIO CRUZTITLA,42
12552,MILPA ALTA,BARRIO XALTIPAC,78
12558,MILPA ALTA,BARRIO TECAXTITLA,36
12672,TL첻UAC,VILLA TLATEMPA,36
12669,TL첻UAC,PE헤 ALTA SUR,36
12656,TL첻UAC,BARRIO LA SOLEDAD,18
12658,TL첻UAC,LA CONCEPCION,18
12657,TL첻UAC,SAN AGUSTIN,54
12663,TL첻UAC,ZONA RUSTICA,54
12662,TL첻UAC,FRANCISCO VILLA,18
13132,XOCHIMILCO,SAN SEBASTIAN,18
12591,TL첻UAC,BARRIO LOS REYES,72
12594,TL첻UAC,SAN ANDRES,54
12590,TL첻UAC,BARRIO SAN MIGUEL,18
12584,TL첻UAC,BARRIO SAN MATEO,18
12582,TL첻UAC,SAN JOSE,18
12581,TL첻UAC,SANTA CECILIA,72
12655,TL첻UAC,EL TRIANGULO,54
12611,TL첻UAC,LAS ARBOLEDAS,24
12610,TL첻UAC,AMPL LOS OLIVOS,24
12317,IZTAPALAPA,PUEBLO SAN LORENZO TEZONCO,102
12384,IZTAPALAPA,GRANJAS ESTRELLA,36
12381,IZTAPALAPA,LOMAS ESTRELLA 1RA SECCION,18
12380,IZTAPALAPA,SANTA MARIA TOMATLAN,18
12319,IZTAPALAPA,ESTRELLA DE CULHUACAN,36
12321,IZTAPALAPA,LUIS ECHEVERRIA ALVAREZ,36
12322,IZTAPALAPA,PUEBLO CULHUACAN,18
11574,COYOAC쳁,MAGDALENA CULHUACAN,30
11572,COYOAC쳁,PASEOS DE TAXQUE헤,75
11577,COYOAC쳁,UNIDAD HAB SANTA MARTHA DEL SUR,18
11642,COYOAC쳁,EDUCACION,48
11644,COYOAC쳁,PETROLERA TAXQUE헤,39
11576,COYOAC쳁,QUETZACOATL,42
12377,IZTAPALAPA,ZONA URBANA EJIDAL SAN ANDR텝 TOMATLAN,36
12387,IZTAPALAPA,UNIDAD HAB TULYEHUALCO,18
12393,IZTAPALAPA,BARRIO GUADALUPE,24
12392,IZTAPALAPA,BARRIO SAN LORENZO TEZONCO,24
12614,TL첻UAC,GRANJAS CABRERA,24
12613,TL첻UAC,LA NOPALERA,48
12580,TL첻UAC,BARRIO LA ASUNCION,18
12586,TL첻UAC,SANTA ANA,18
12588,TL첻UAC,LOS REYES,18
12592,TL첻UAC,PUEBLO TULYEHUALCO,18
13131,XOCHIMILCO,CALYEQUITA,54
12667,TL첻UAC,EL ROSARIO,18
12666,TL첻UAC,TIERRA BLANCA,18
12668,TL첻UAC,EMILIANO ZAPATA,18
12665,TL첻UAC,JAIME TORRES BODET,54
12551,MILPA ALTA,BARRIO TENANTITLA,36
12562,MILPA ALTA,BARRIO AMPL SANTA MARTHA,36
12714,TLALPAN,PEDREGAL DE SAN NICOLAS 4TA SECC,90
12713,TLALPAN,PEDREGAL DE SAN NICOLAS 3RA SECC,72
12730,TLALPAN,HEROES DE PADIERNA,288
12728,TLALPAN,LOMAS DE PADIERNA,108
11078,첿VARO OBREG흁,PROGRESO TIZAPAN,86
11085,첿VARO OBREG흁,LA OTRA BANDA,58
11911,GUSTAVO A MADERO,MATIAS ROMERO ZONA SUR,24
11904,GUSTAVO A MADERO,EL ARBOLILLO 2,60
11905,GUSTAVO A MADERO,EL ARBOLILLO II CROC,24
11923,GUSTAVO A MADERO,LA PASTORA,276
11926,GUSTAVO A MADERO,LA CANDELARIA TICOMAN,174
11940,GUSTAVO A MADERO,TICOMAN,36
11929,GUSTAVO A MADERO,LA ESCALERA,144
12029,GUSTAVO A MADERO,PANAMERICANA,28
11808,CUAUHT텘OC,EX HIPODROMO DE PERALVILLO,65
11809,CUAUHT텘OC,MAZA,19
11807,CUAUHT텘OC,VALLE GOMEZ,55
11817,CUAUHT텘OC,CUAUHTEMOC,254
12522,MIGUEL HIDALGO,POLANCO CHAPULTEPEC,38
12540,MIGUEL HIDALGO,LOMAS DE REFORMA,186
12539,MIGUEL HIDALGO,LOMAS DE BEZARES,24
11212,첿VARO OBREG흁,CARLOS A MADRAZO,156
11143,첿VARO OBREG흁,CENTRO COMERCIAL LOMAS DE SANTA FE,467
11779,CUAJIMALPA DE MORELOS,CENTRO COMERCIAL SANTA FE,480
11773,CUAJIMALPA DE MORELOS,LA ROSITA,55
11854,GUSTAVO A MADERO,SAN MIGUEL CUAUTEPEC EL ALTO,84
11855,GUSTAVO A MADERO,BO CUAUTEPEC EL ALTO,132
11856,GUSTAVO A MADERO,CUATEPEC EL BAJO,174
11891,GUSTAVO A MADERO,CUAUTEPEC DE MADERO,204
12009,GUSTAVO A MADERO,SIETE MARAVILLAS,168
11956,GUSTAVO A MADERO,MAXIMINO AVILA CAMACHO,14
11928,GUSTAVO A MADERO,JARDINES DEL MEDITERRANEO II,24
11927,GUSTAVO A MADERO,INFONAVIT,24
11886,GUSTAVO A MADERO,VALLE DE MADERO,90
11409,AZCAPOTZALCO,TIERRA NUEVA,72
11434,AZCAPOTZALCO,PRESIDENTE MADERO,12
11438,AZCAPOTZALCO,TEZOZOMOC,12
11412,AZCAPOTZALCO,SANTO DOMINGO,66
11386,AZCAPOTZALCO,EL RECREO,19
11389,AZCAPOTZALCO,LOTERIA NACIONAL,44
11490,AZCAPOTZALCO,EL ARENAL,23
11387,AZCAPOTZALCO,SECTOR NAVAL,25
11381,AZCAPOTZALCO,SANTA MARIA MANINALCO,50
12888,TLALPAN,VALLE VERDE,24
12887,TLALPAN,SAN PEDRO MARTIR,306
12880,TLALPAN,CHIMALCOYOTL,96
12711,TLALPAN,LA JOYA,174
12709,TLALPAN,BARRIO NI헲 JESUS,90
11682,COYOAC쳁,PEDREGAL DE LA ZORRA,54
11697,COYOAC쳁,MODULO SOCIAL IMAN,72
11693,COYOAC쳁,RINCONADA LAS PLAYAS INFONAVIT,18
11698,COYOAC쳁,EL CARACOL,18
12571,MILPA ALTA,BARRIO SAN JUAN,144
12570,MILPA ALTA,BARRIO CENTRO,42
12567,MILPA ALTA,BARRIO SAN MIGUEL,144
12566,MILPA ALTA,SAN SALVADOR CUAUHTENCO,240
12565,MILPA ALTA,SAN BARTOLOME XICOMULCO,114
13157,XOCHIMILCO,SANTA CECILIA TEPETLAPA,228
13148,XOCHIMILCO,SAN ANDRES AHUAYUCAN,72
13152,XOCHIMILCO,CHAPULTEPEC,72
13154,XOCHIMILCO,SAN JUAN DE LOS LAGOS,24
13150,XOCHIMILCO,GUADALUPE,114
13153,XOCHIMILCO,SANTA CRUZ DE GUADALUPE,132
13143,XOCHIMILCO,SAN MATEO XALPA,192
13149,XOCHIMILCO,SANTA INES,48
13085,XOCHIMILCO,SAN LUCAS XOCHIMANCA,192
13071,XOCHIMILCO,INFONAVIT NATIVITAS,72
13061,XOCHIMILCO,BELEN,60
13062,XOCHIMILCO,EL ROSARIO,120
13005,XOCHIMILCO,SAN ANTONIO,36
11430,AZCAPOTZALCO,PEMEX PRADOS DEL ROSARIO,18
11437,AZCAPOTZALCO,UNIDAD HAB MIGUEL HIDALGO,18
12502,MIGUEL HIDALGO,MANZANOS,12
11844,GUSTAVO A MADERO,TRIUNFO DE LA REPUBLICA,39
11838,GUSTAVO A MADERO,ROSAS DEL TEPEYAC,18
11907,GUSTAVO A MADERO,BENITO JUAREZ,72
11894,GUSTAVO A MADERO,GUADALUPE VICTORIA CUAUTEPEC,156
11879,GUSTAVO A MADERO,PALMATITLA,84
11881,GUSTAVO A MADERO,GRAL FELIPE BERRIOZABAL,210
11864,GUSTAVO A MADERO,LA FORESTAL,186
11858,GUSTAVO A MADERO,LOMAS DE CUAUTEPEC,144
11860,GUSTAVO A MADERO,MALACATES,72
11859,GUSTAVO A MADERO,AMPL MALACATES,54
11889,GUSTAVO A MADERO,CUAUTEPEC DE MADERO BARRIO BAJO,72
11901,GUSTAVO A MADERO,EL ARBOLILLO 3,36
12194,IZTAPALAPA,UNID HAB EJERC DE OTE ZONA PE헲N,36
12193,IZTAPALAPA,FRACC POPULAR ALVARO OBREGON,6
12182,IZTAPALAPA,RENOVACION,18
11141,첿VARO OBREG흁,RES PARQUE SANTA FE,154
11140,첿VARO OBREG흁,LOMAS DE SANTA FE,24
12061,GUSTAVO A MADERO,MALINCHE,7
11492,AZCAPOTZALCO,LA RAZA,7
12487,MIGUEL HIDALGO,AGRICULTURA,57
11068,첿VARO OBREG흁,AXOTLA,7
11559,COYOAC쳁,DEL CARMEN,112
12100,IZTACALCO,LIC CARLOS ZAPATA 1RA Y 2DA SECC,25
12095,IZTACALCO,GABRIEL RAMOS MILLAN SECC BRAMADERO,19
12916,VENUSTIANO CARRANZA,IGNACIO ZARAGOZA,38
12132,IZTACALCO,GABRIEL RAMOS MILLAN,13
11562,COYOAC쳁,UNIDAD HAB VIVEROS DE COYOACAN,7
11869,GUSTAVO A MADERO,ARBOLEDAS DE CUAUTEPEC EL ALTO,12
12548,MILPA ALTA,BARRIO LA LUZ,24
12563,MILPA ALTA,BARRIO NUCHTLA,144
13115,XOCHIMILCO,SAN GREGORIO ATLAPULCO,138
13118,XOCHIMILCO,LOS REYES,12
13123,XOCHIMILCO,SAN JUAN MOYOTEPEC,54
13111,XOCHIMILCO,SANTA CRUZ ACALPIXCA,84
13099,XOCHIMILCO,A헲 DE JUAREZ,24
13096,XOCHIMILCO,RANCHO TEJOMULCO,12
13097,XOCHIMILCO,TEJOMULCO EL BAJO,24
13098,XOCHIMILCO,XOCHIPILLI,12
13094,XOCHIMILCO,SAN JERONIMO,12
11702,COYOAC쳁,LOS PRADOS DE COYOACAN,30
11648,COYOAC쳁,AVANTE,54
11566,COYOAC쳁,CAMPESTRE,6
11647,COYOAC쳁,EL CENTINELA,36
11703,COYOAC쳁,EMILIANO ZAPATA,36
13095,XOCHIMILCO,JAZMIN,12
13112,XOCHIMILCO,LA PLANTA,12
13124,XOCHIMILCO,SAN JUAN MINAS,12
11714,COYOAC쳁,UNIDAD HAB CULHUACAN STUNAM,78
11715,COYOAC쳁,UNID OBRERO CTM CULHUACAN SECC 8,102
11661,COYOAC쳁,UNID OBRERO CTM CULHUACAN SECC 7A,30
12164,IZTAPALAPA,SECTOR POPULAR,12
12227,IZTAPALAPA,LA VIGA,6
12224,IZTAPALAPA,SAN JUANICO NEXTIPAC,6
12238,IZTAPALAPA,EL TRIUNFO,6
12237,IZTAPALAPA,APATLACO,6
12151,IZTACALCO,CAMPAMENTO 2 DE OCTUBRE,6
12120,IZTACALCO,LA ASUNCION,12
12121,IZTACALCO,ZAPOTLA,6
12122,IZTACALCO,5 DE DICIEMBRE FOVISSSTE,6
13002,VENUSTIANO CARRANZA,ALVARO OBREGON,18
12934,VENUSTIANO CARRANZA,10 DE MAYO,18
12932,VENUSTIANO CARRANZA,MORELOS II,6
12939,VENUSTIANO CARRANZA,FELIPE ANGELES,6
12053,GUSTAVO A MADERO,BELISARIO DOMINGUEZ,22
12045,GUSTAVO A MADERO,BONDOJITO,38
12036,GUSTAVO A MADERO,ARAGON INGUARAN,6
11840,GUSTAVO A MADERO,ATZACOALCO,93
11962,GUSTAVO A MADERO,NUEVA ATZACOALCO,12
11853,GUSTAVO A MADERO,EL RISCO CTM,42
11852,GUSTAVO A MADERO,ATZACOALCO CTM,18
11960,GUSTAVO A MADERO,VILLAHERMOSA,12
12037,GUSTAVO A MADERO,TRES ESTRELLAS,45
12926,VENUSTIANO CARRANZA,POPULAR RASTRO,6
12923,VENUSTIANO CARRANZA,JANITZIO,18
12935,VENUSTIANO CARRANZA,UNIDAD HAB EMILIANO ZAPATA,6
12986,VENUSTIANO CARRANZA,MERCED BALBUENA,23
12987,VENUSTIANO CARRANZA,LORENZO BOTURINI,31
12107,IZTACALCO,SANTIAGO NORTE,12
12143,IZTACALCO,SANTIAGO,12
12144,IZTACALCO,MILITAR MARTE,6
12145,IZTACALCO,REFORMA IZTACCIHUATL SUR,6
12240,IZTAPALAPA,EL RETO헲,12
12168,IZTAPALAPA,UNIDAD MODELO,12
11573,COYOAC쳁,TAXQUE헤,6
11649,COYOAC쳁,AMPL SAN FRANCISCO CULHUACAN,12
11719,COYOAC쳁,CARMEN SERDAN,48
11716,COYOAC쳁,UNIDAD HAB OBRERO CTM CULHUACAN 9,12
11884,GUSTAVO A MADERO,TLALPEXCO,191
11880,GUSTAVO A MADERO,COCOYOTES,48
11883,GUSTAVO A MADERO,VISTA HERMOSA,30
13082,XOCHIMILCO,DOLORES TLALI,12
12824,TLALPAN,EL DIVISADERO,12
12825,TLALPAN,NUEVO RENACIMIENTO DE AXALCO,12
12826,TLALPAN,TECORRAL,12
11798,CUAJIMALPA DE MORELOS,LAS LAJAS,24
11797,CUAJIMALPA DE MORELOS,LA PILA,24
11796,CUAJIMALPA DE MORELOS,COLA DE PATO,12
11102,첿VARO OBREG흁,BELEN DE LAS FLORES,6
12473,MIGUEL HIDALGO,SAN JOAQUIN,18
12476,MIGUEL HIDALGO,AMPL TORREBLANCA,12
12492,MIGUEL HIDALGO,LEGARIA,12
12485,MIGUEL HIDALGO,SANTO TOMAS,12
12486,MIGUEL HIDALGO,PLUTARCO ELIAS CALLES,42
12943,VENUSTIANO CARRANZA,VENUSTIANO CARRANZA,18
12940,VENUSTIANO CARRANZA,AZTECA,6
12956,VENUSTIANO CARRANZA,REVOLUCION,12
12950,VENUSTIANO CARRANZA,ROMERO RUBIO,48
12941,VENUSTIANO CARRANZA,TRES MOSQUETEROS,6
12936,VENUSTIANO CARRANZA,20 DE NOVIEMBRE,12
12493,MIGUEL HIDALGO,NEXTITLA,6
12478,MIGUEL HIDALGO,SAN DIEGO OCOYOACAC,6
12466,MIGUEL HIDALGO,REFINERIA 18 DE MARZO,18
11289,첿VARO OBREG흁,EL RINCON,24
11286,첿VARO OBREG흁,MISIONES DE TARANGO,12
11288,첿VARO OBREG흁,LOMAS DE TARANGO REACOMODO,6
11284,첿VARO OBREG흁,BOSQUES DE TARANGO,24
11790,CUAJIMALPA DE MORELOS,SAN MATEO TLALTENANGO,288
11169,첿VARO OBREG흁,LA LOMA,16
11283,첿VARO OBREG흁,PARQUE TARANGO,11
11287,첿VARO OBREG흁,RESIDENCIAL TARANGO,6
12287,IZTAPALAPA,PALMITAS,90
13114,XOCHIMILCO,SAN ANDRES,6
13119,XOCHIMILCO,SAN LUIS TLAXIALTEMALCO,54
13120,XOCHIMILCO,SAN JOSE,12
13134,XOCHIMILCO,SANTIAGUITO,12
13130,XOCHIMILCO,LA GUADALUPITA TULYEHUALCO,42
13129,XOCHIMILCO,SAN ISIDRO,6
13126,XOCHIMILCO,QUIRINO MENDOZA,6
12553,MILPA ALTA,BARRIO XOCHITEPEC,84
12678,TL첻UAC,LA CONCHITA,48
12680,TL첻UAC,SAN NICOLAS TETELCO,24
12677,TL첻UAC,BARRIO SAN MIGUEL MIXQUIC,48
12675,TL첻UAC,SANTA CRUZ MIXQUIC,36
12682,TL첻UAC,EMILIANO ZAPATA 1RA SECC,24
12564,MILPA ALTA,BARRIO OCOTITLA,54
12561,MILPA ALTA,PUEBLO SAN PEDRO ATOCPAN,12
12559,MILPA ALTA,BARRIO PANCHIMALCO,18
12560,MILPA ALTA,BARRIO TULA,18
12223,IZTAPALAPA,UNIDAD HAB GAMMA GAVILAN,12
12310,IZTAPALAPA,AMPL LAS PENAS,36
12292,IZTAPALAPA,DESARROLLO URBANO QUETZALCOATL,168
12301,IZTAPALAPA,LOMAS DE SANTA CRUZ,12
12294,IZTAPALAPA,BUENAVISTA,114
11739,CUAJIMALPA DE MORELOS,ZENTLAPATL,30
11743,CUAJIMALPA DE MORELOS,SAN PABLO CHIMALPA,60
11787,CUAJIMALPA DE MORELOS,EL CONTADERO,104
11983,GUSTAVO A MADERO,SAN FELIPE DE JESUS,143
11984,GUSTAVO A MADERO,25 DE JULIO,12
12927,VENUSTIANO CARRANZA,EMILIO CARRANZA,11
11829,CUAUHT텘OC,PAULINO NAVARRO,33
11831,CUAUHT텘OC,AMPL ASTURIAS,12
12925,VENUSTIANO CARRANZA,NICOLAS BRAVO,5
12057,GUSTAVO A MADERO,EMILIANO ZAPATA,5
13155,XOCHIMILCO,EL CEDRAL,24
13160,XOCHIMILCO,TEPOZANES,12
13159,XOCHIMILCO,SAN FRANCISCO TLALNEPANTLA,36
12863,TLALPAN,PEDREGAL DE AMINCO,36
13161,XOCHIMILCO,PEDREGAL DE SAN FRANCISCO,36
11618,COYOAC쳁,UNIDAD HAB COPILCO,36
11621,COYOAC쳁,COPILCO 300,30
11622,COYOAC쳁,CONDS PARA EMPLEADOS FEDERALES,18
11614,COYOAC쳁,INSURGENTES SAN ANGEL,26
12441,LA MAGDALENA CONTRERAS,HEROES DE PADIERNA,24
12443,LA MAGDALENA CONTRERAS,RESIDENCIAL SANTA TERESA,12
12442,LA MAGDALENA CONTRERAS,SANTA TERESA,24
12444,LA MAGDALENA CONTRERAS,LA CRUZ,18
12446,LA MAGDALENA CONTRERAS,LA CONCEPCION,48
12725,TLALPAN,LOS FRAMBOYANES,12
12717,TLALPAN,PEDREGAL DE SAN NICOLAS 1A SECCION,90
12718,TLALPAN,PEDREGAL DE SAN NICOLAS 2DA SECC,36
12447,LA MAGDALENA CONTRERAS,BARRIO PLAZUELA DEL PEDREGAL,18
12448,LA MAGDALENA CONTRERAS,LAS CALLES,6
12445,LA MAGDALENA CONTRERAS,GUADALUPE,12
12684,TLALPAN,PEDREGAL 2,12
11623,COYOAC쳁,COPILCO EL ALTO,18
12862,TLALPAN,OCOTLA,12
13079,XOCHIMILCO,TEPETITLA,150
12865,TLALPAN,SAN MIGUEL TOPILEJO,438
12858,TLALPAN,LAS FLORES,72
13151,XOCHIMILCO,SANTA CRUZ CHAVARRIETA,6
11122,첿VARO OBREG흁,AMPL BOSQUES 2DA SECC,78
11088,첿VARO OBREG흁,UNIDAD HAB LOMAS DE STO DOMINGO,26
11130,첿VARO OBREG흁,UNIDAD HAB SANTA FE IMSS,33
11114,첿VARO OBREG흁,EL PARAISO,13
11124,첿VARO OBREG흁,MARIA G DE GARCIA RUIZ,52
11148,첿VARO OBREG흁,MARTIRES DE TACUBAYA,13
11147,첿VARO OBREG흁,EL CUERNITO,26
11149,첿VARO OBREG흁,REAL DEL BOSQUE,13
11172,첿VARO OBREG흁,LA PALMITA,26
11175,첿VARO OBREG흁,AMPL LA MEXICANA,59
11174,첿VARO OBREG흁,1133,13
11139,첿VARO OBREG흁,SANTA FE,150
11214,첿VARO OBREG흁,BEJERO,13
11767,CUAJIMALPA DE MORELOS,JESUS DEL MONTE,49
11763,CUAJIMALPA DE MORELOS,TEPETONGO,14
11736,CUAJIMALPA DE MORELOS,LA MANZANITA,7
11154,첿VARO OBREG흁,GRAL ANTONIO ROSALES,19
11157,첿VARO OBREG흁,TLAPECHICO,20
11153,첿VARO OBREG흁,EL PIRU 2A AMPLIACION,26
11163,첿VARO OBREG흁,MARGARITA MAZA DE JUAREZ,26
11165,첿VARO OBREG흁,AMPL EL ARBOL,13
11138,첿VARO OBREG흁,PANTEON SANTA FE,13
11170,첿VARO OBREG흁,LA MEXICANA,13
11146,첿VARO OBREG흁,CUEVITAS,19
11134,첿VARO OBREG흁,ARTURO MARTINEZ,13
11091,첿VARO OBREG흁,LA CONCHITA,19
11123,첿VARO OBREG흁,CRISTO REY,13
11120,첿VARO OBREG흁,SEDE DELEGACIONAL,13
12290,IZTAPALAPA,MIRAVALLE,30
12530,MIGUEL HIDALGO,BOSQUES DE LAS LOMAS,120
11753,CUAJIMALPA DE MORELOS,BOSQUES DE LAS LOMAS,24
11757,CUAJIMALPA DE MORELOS,BOSQUES DE REFORMA,12
11754,CUAJIMALPA DE MORELOS,CUMBRES REFORMA,36
11747,CUAJIMALPA DE MORELOS,RES PARQUE ESCONDIDO,6
11751,CUAJIMALPA DE MORELOS,LA NAVIDAD,72
11766,CUAJIMALPA DE MORELOS,JARDINES DE LA PALMA(HUIZACHITO),18
12891,TLALPAN,PARAJE TETENCO,60
12823,TLALPAN,SAN ANDRES TOTOLTEPEC,354
12892,TLALPAN,MARIA ESTHER ZUNO DE ECHEVERRIA,60
12855,TLALPAN,LA PALMA,60
12857,TLALPAN,SAN MIGUEL XICALCO,108
12864,TLALPAN,SAN MIGUEL TEHUISCO,12
12915,TLALPAN,PARRES EL GUARDA,12
12092,GUSTAVO A MADERO,NARCISO BASSOLS,37
12091,GUSTAVO A MADERO,SAN JUAN DE ARAGON 4TA Y 5TA SECC,18
12089,GUSTAVO A MADERO,SAN JUAN DE ARAGON 2DA SECC,98
12088,GUSTAVO A MADERO,SAN JUAN DE ARAGON 1RA SECC,112
12040,GUSTAVO A MADERO,GERTRUDIS SANCHEZ 3A SECCION,86
12052,GUSTAVO A MADERO,AMPL LA JOYITA,16
12031,GUSTAVO A MADERO,DEFENSORES DE LA REPUBLICA,20
12085,GUSTAVO A MADERO,FERNANDO CASAS ALEMAN,19
12094,GUSTAVO A MADERO,CTM ARAGON,12
12093,GUSTAVO A MADERO,AMPL SAN JUAN DE ARAGON CTM,6
11455,AZCAPOTZALCO,COSMOPOLITA,7
11442,AZCAPOTZALCO,SAN MATEO,7
11440,AZCAPOTZALCO,AMPL PETROLERA,20
11441,AZCAPOTZALCO,PETROLERA,14
11459,AZCAPOTZALCO,SAN PEDRO XALPA,60
11462,AZCAPOTZALCO,SAN BARTOLO,7
11465,AZCAPOTZALCO,CAMPO ENCANTADO,13
11468,AZCAPOTZALCO,INDUSTRIAL SAN ANTONIO,14
11247,첿VARO OBREG흁,SANTA LUCIA REACOMODO,18
11242,첿VARO OBREG흁,SANTA LUCIA,48
11259,첿VARO OBREG흁,CORPUS CHRISTI,24
11258,첿VARO OBREG흁,AMPL CORPUS CHRISTI,12
11252,첿VARO OBREG흁,ESTADO DE HIDALGO,24
11249,첿VARO OBREG흁,LOS CEDROS,24
11250,첿VARO OBREG흁,GARCIMARRERO,12
11230,첿VARO OBREG흁,COLINAS DEL SUR,84
11223,첿VARO OBREG흁,OLIVAR DEL CONDE 2DA SECC,42
11231,첿VARO OBREG흁,HOGAR Y REDENCION,30
11221,첿VARO OBREG흁,PEZ,24
11234,첿VARO OBREG흁,AMPL HOGAR Y REDENCION,18
11238,첿VARO OBREG흁,MOLINO DE ROSAS,42
11505,BENITO JUREZ,ACACIAS,12
11237,첿VARO OBREG흁,ALFALFAR,12
11220,첿VARO OBREG흁,OLIVAR DEL CONDE 1RA SECC,60
11224,첿VARO OBREG흁,OLIVAR DEL CONDE 3RA SECC,18
11207,첿VARO OBREG흁,PILOTO ADOLFO LOPEZ MATEOS,66
11251,첿VARO OBREG흁,GARCIMARRERO NORTE,6
11218,첿VARO OBREG흁,TLAYACAPA,6
11313,첿VARO OBREG흁,AMPLIACION TLACUITLAPA,6
11309,첿VARO OBREG흁,TLACUITLAPA,6
11303,첿VARO OBREG흁,AMPLIACION TLACUITLAPA II,6
11308,첿VARO OBREG흁,PALMAS AXOTITLA,12
11304,첿VARO OBREG흁,LOMAS DE PUERTA GRANDE,36
11305,첿VARO OBREG흁,HERON PROAL,24
11276,첿VARO OBREG흁,LA PERA INFONAVIT,12
11298,첿VARO OBREG흁,MINA LOS COYOTES,30
11280,첿VARO OBREG흁,CANUTILLO 3RA SECC,18
11297,첿VARO OBREG흁,LOMAS DE TARANGO,72
11232,첿VARO OBREG흁,MIXCOAC,18
11239,첿VARO OBREG흁,LOMAS DE PLATEROS,102
11292,첿VARO OBREG흁,SOCIEDAD COOPERATIVA PODER POPULAR,12
11338,첿VARO OBREG흁,LA MARTINICA II,12
11295,첿VARO OBREG흁,FRACCIONAMIENTO EX HDA TARANGO,6
11279,첿VARO OBREG흁,PRIVADA CENTENARIO,12
11278,첿VARO OBREG흁,CANUTILLO,24
11273,첿VARO OBREG흁,VALENTIN GOMEZ FARIAS,48
11275,첿VARO OBREG흁,TEPEACA,12
11267,첿VARO OBREG흁,BALCONES DE CEGUAYO,24
11269,첿VARO OBREG흁,VILLA PROGRESISTA,24
12479,MIGUEL HIDALGO,VERONICA ANZURES,24
12483,MIGUEL HIDALGO,MARINA NACIONAL,6
11444,AZCAPOTZALCO,UNIDAD HAB PANTACO,24
11399,AZCAPOTZALCO,SAN PABLO XALPA,12
11396,AZCAPOTZALCO,EL ROSARIO CROC VI OLIMPIA,6
11378,AZCAPOTZALCO,BARRIO SAN SEBASTIAN,12
11380,AZCAPOTZALCO,LIBERTAD,12
11383,AZCAPOTZALCO,BENITO JUAREZ,18
11382,AZCAPOTZALCO,UN HOGAR PARA CADA TRABAJADOR,6
12883,TLALPAN,EJIDOS DE SN PEDRO MARTIR,54
12881,TLALPAN,VILLA TLALPAN,6
12878,TLALPAN,UNIDAD HAB ISSFAM,6
11735,COYOAC쳁,VIEJO EJIDO SANTA URSULA COAPA,36
11680,COYOAC쳁,EJIDO SANTA URSULA COAPA,30
11709,COYOAC쳁,ESPARTACO,18
11643,COYOAC쳁,MULTIFAMILIAR TLALPAN,12
11634,COYOAC쳁,CIUDAD JARDIN,48
11669,COYOAC쳁,XOTEPINGO,54
11674,COYOAC쳁,EL RELOJ,12
12269,IZTAPALAPA,SAN MIGUEL TEOTONGO(SECC CORR),108
12288,IZTAPALAPA,TENORIOS,36
11209,첿VARO OBREG흁,AMPL PRESIDENTES,18
11188,첿VARO OBREG흁,ALVARO OBREGON DESARROLLO URBANO,6
11176,첿VARO OBREG흁,CALZADA DE JALALPA,114
11190,첿VARO OBREG흁,LOMAS DE BECERRA GRANADA,60
11194,첿VARO OBREG흁,LA JOYA,30
11193,첿VARO OBREG흁,FRANCISCO VILLA,12
11191,첿VARO OBREG흁,EL CUERNITO 35,30
11192,첿VARO OBREG흁,EL POCITO,18
11225,첿VARO OBREG흁,BARRIO NORTE,30
11197,첿VARO OBREG흁,CUERNITO BECERRA REACOMODO,24
11196,첿VARO OBREG흁,ARVIDE,24
11137,첿VARO OBREG흁,UNIDAD HAB BELEN,12
11200,첿VARO OBREG흁,JALALPA,6
12404,IZTAPALAPA,SAN JOSE BUENAVISTA,12
11277,첿VARO OBREG흁,AVE REAL,12
11111,첿VARO OBREG흁,UNIDAD HAB POPULAR TEPEACA,24
11359,첿VARO OBREG흁,SANTA ROSA XOCHIAC,138
11356,첿VARO OBREG흁,RANCHO SAN FRANCISCO,24
11367,첿VARO OBREG흁,TLACOYAQUE,24
11368,첿VARO OBREG흁,LOMAS DE LA HERA,36
11362,첿VARO OBREG흁,RINCON DE LA BOLSA,36
11319,첿VARO OBREG흁,TETELPAN,24
11320,첿VARO OBREG흁,CERRADA DEL POTRERO,24
11317,첿VARO OBREG흁,SEGUNDA DEL MORAL,24
11348,첿VARO OBREG흁,TIZAMPAMPANO,12
11350,첿VARO OBREG흁,LOMAS DE LOS ANGELES TETELPAN,42
11341,첿VARO OBREG흁,LA HERRADURA,36
11352,첿VARO OBREG흁,LOMAS DE SAN ANGEL INN,36
11076,첿VARO OBREG흁,SAN ANGEL INN,18
11353,첿VARO OBREG흁,SAN MATEO TLALTENANGO,36
11331,첿VARO OBREG흁,LOMAS DE LAS AGUILAS,22
11329,첿VARO OBREG흁,PUENTE COLORADO,18
11330,첿VARO OBREG흁,AMPL PUENTE COLORADO,42
11332,첿VARO OBREG흁,SAN CLEMENTE SUR,24
11339,첿VARO OBREG흁,AMPL LAS AGUILAS,30
11340,첿VARO OBREG흁,PARQUE LAS AGUILAS,24
11335,첿VARO OBREG흁,LAS AGUILAS 1RA SECCION,18
11325,첿VARO OBREG흁,AMPL LOS ALPES,30
11324,첿VARO OBREG흁,PILARES AGUILAS,12
11326,첿VARO OBREG흁,LAS AGUILAS,30
11186,첿VARO OBREG흁,AMPL LAS GOLONDRINAS,6
11182,첿VARO OBREG흁,LAS GOLONDRINAS,6
11185,첿VARO OBREG흁,LOMAS DE CAPULA,42
11199,첿VARO OBREG흁,PRESIDENTES,78
11208,첿VARO OBREG흁,2DA AMPL PRESIDENTES,36
11206,첿VARO OBREG흁,AMPL PILOTO ADOLFO LOPEZ MATEOS,72
11184,첿VARO OBREG흁,LAS GOLONDRINAS 2DA SECC,30
11227,첿VARO OBREG흁,MINAS DE CRISTO,12
11127,첿VARO OBREG흁,BOSQUES 1RA SECC,6
12303,IZTAPALAPA,FRANCISCO VILLA,6
11473,AZCAPOTZALCO,NUEVA SANTA MARIA,48
12735,TLALPAN,CULTURA MAYA,24
12736,TLALPAN,JOSE LOPEZ PORTILLO,54
12910,TLALPAN,LOMAS ALTAS DE PADIERNA SUR,66
12902,TLALPAN,BELVEDERE,6
12912,TLALPAN,RINCON DEL MIRADOR II,42
12893,TLALPAN,SAN MIGUEL AJUSCO,132
12906,TLALPAN,SAN NICOLAS II,60
12908,TLALPAN,BOSQUES DEL PEDREGAL,48
12856,TLALPAN,MAGDALENA PETLACALCO,216
12901,TLALPAN,SANTO TOMAS AJUSCO,96
12230,IZTAPALAPA,SAN JOSE ACULCO,12
12097,IZTACALCO,AMPL GABRIEL RAMOS MILLAN,12
12099,IZTACALCO,MUJERES ILUSTRES,6
12960,VENUSTIANO CARRANZA,PE헲N DE LOS BA헲S,18
11985,GUSTAVO A MADERO,CAMPESTRE ARAGON,39
11994,GUSTAVO A MADERO,PROVIDENCIA,57
12073,GUSTAVO A MADERO,HORNOS DE ARAGON,6
12953,VENUSTIANO CARRANZA,AQUILES SERDAN,18
12962,VENUSTIANO CARRANZA,SANTA CRUZ AVIACION,18
12135,IZTACALCO,EL MOSCO,6
12136,IZTACALCO,INPI IZTACALCO,6
12413,LA MAGDALENA CONTRERAS,PUENTE SIERRA,6
12410,LA MAGDALENA CONTRERAS,UNIDAD INDEPENDENCIA IMSS,6
12409,LA MAGDALENA CONTRERAS,INDEPENDENCIA SAN RAMON,6
12415,LA MAGDALENA CONTRERAS,SAN JERONIMO LIDICE,72
12405,LA MAGDALENA CONTRERAS,LOMAS QUEBRADAS,24
12434,LA MAGDALENA CONTRERAS,EL TORO,18
12433,LA MAGDALENA CONTRERAS,EL ROSAL,12
12435,LA MAGDALENA CONTRERAS,POTRERILLO,24
12438,LA MAGDALENA CONTRERAS,PUEBLO NUEVO ALTO,54
12416,LA MAGDALENA CONTRERAS,PUEBLO SAN BERNABE OCOTEPEC,12
12421,LA MAGDALENA CONTRERAS,LOMAS DE SAN BERNABE,24
12423,LA MAGDALENA CONTRERAS,HUAYATLA,36
12422,LA MAGDALENA CONTRERAS,OCOTAL,6
12436,LA MAGDALENA CONTRERAS,PUEBLO NUEVO BAJO,18
12431,LA MAGDALENA CONTRERAS,SAN FRANCISCO,24
11514,BENITO JUREZ,POSTAL,16
11517,BENITO JUREZ,NI헲S HEROES DE CHAPULTEPEC,14
11529,BENITO JUREZ,AMERICAS UNIDAS,12
11532,BENITO JUREZ,DEL LAGO,6
11534,BENITO JUREZ,SAN SIMON TICUMAC,12
11565,COYOAC쳁,SAN DIEGO CHURUBUSCO,18
11563,COYOAC쳁,SAN MATEO,18
11558,COYOAC쳁,PARQUE SAN ANDRES,28
13018,XOCHIMILCO,SAN JUAN TEPEPAN,60
13019,XOCHIMILCO,SANTA MARIA TEPEPAN,6
13022,XOCHIMILCO,EL ENCANTO,6
13056,XOCHIMILCO,EJIDO SANTA CRUZ XOCHITEPEC,36
13077,XOCHIMILCO,LA CONCHA,18
13074,XOCHIMILCO,SANTIAGO TEPALCATLALPAN,72
13027,XOCHIMILCO,LA NORIA,6
13030,XOCHIMILCO,VILLA XOCHIMILCO,6
12804,TLALPAN,AMSA,6
12805,TLALPAN,EX EJIDO DE HUIPULCO,6
12810,TLALPAN,GUADALUPE TLALPAN,6
11568,COYOAC쳁,CHURUBUSCO COUNTRY CLUB,6
11523,BENITO JUREZ,ZACAHUITZCO,6
11520,BENITO JUREZ,IZTACCIHUATL,6
11316,첿VARO OBREG흁,SAN AGUSTIN,12
11323,첿VARO OBREG흁,EL MIRADOR,24
11318,첿VARO OBREG흁,TECALCAPA,12
11552,COYOAC쳁,BARRIO DE SANTA CATARINA,18
13015,XOCHIMILCO,SAN BARTOLO EL CHICO,12
11427,AZCAPOTZALCO,SAN JUAN TLIHUACA,6
11360,첿VARO OBREG흁,AMPL TORRES DE POTRERO,10
11345,첿VARO OBREG흁,LA ANGOSTURA,10
11361,첿VARO OBREG흁,TORRES DE POTRERO,5
11587,COYOAC쳁,BARRIO OXTOPULCO,16
11589,COYOAC쳁,FORTIN CHIMALISTAC,8
12988,VENUSTIANO CARRANZA,ARTES GRAFICAS,4
12991,VENUSTIANO CARRANZA,AARON SAENZ,4
11494,BENITO JUREZ,ATENOR SALA,4
11497,BENITO JUREZ,U HAB IMSS NARVARTE,4
11531,BENITO JUREZ,INDEPENDENCIA,16
11533,BENITO JUREZ,LETRAN VALLE,4
11633,COYOAC쳁,ATLANTIDA,7
11564,COYOAC쳁,CHURUBUSCO,8
12023,GUSTAVO A MADERO,PLANETARIO LINDAVISTA,4
11627,COYOAC쳁,CONJUNTO COPILCO UNIVERSIDAD,3
11585,COYOAC쳁,UNIDAD HAB MONTE DE PIEDAD,6
11592,COYOAC쳁,FRACC MANUEL ROMERO DE TERREROS,3
11591,COYOAC쳁,CUADRANTE SAN FRANCISCO,9
11612,COYOAC쳁,BARRIO DEL NI헲 JESUS,3
11609,COYOAC쳁,ROSEDAL,9
11578,COYOAC쳁,UNIDAD HAB TAXQUE헤,3
11556,COYOAC쳁,BARRIO SAN LUCAS,3
11554,COYOAC쳁,LA CONCEPCION,3
11551,COYOAC쳁,VILLA COYOACAN,24
11615,COYOAC쳁,UNIDAD HAB COPILCO UNIVERSIDAD,6
11967,GUSTAVO A MADERO,TORRES DE SAN JUAN,3
12069,GUSTAVO A MADERO,HEROES DE CHAPULTEPEC,6
12067,GUSTAVO A MADERO,EL OLIVO,3
12074,GUSTAVO A MADERO,INFONAVIT CAMINO SAN JUAN DE ARAGON,3
11384,AZCAPOTZALCO,SINDICATO MEXICANO DE ELECTRICISTAS,6
11379,AZCAPOTZALCO,DEL MAESTRO,6
11431,AZCAPOTZALCO,UNIDAD HAB FRANCISCO VILLA,6
12086,GUSTAVO A MADERO,CERRO PRIETO,3
