270,GUERRERO,CUAUHT텘OC
271,ROMA SUR,CUAUHT텘OC
272,OBRERA,CUAUHT텘OC
273,JUAREZ,CUAUHT텘OC
274,MORELOS,CUAUHT텘OC
275,ROMA SUR,CUAUHT텘OC
276,SAN RAFAEL,CUAUHT텘OC
277,HIPODROMO,CUAUHT텘OC
278,VALLE GOMEZ,CUAUHT텘OC
279,ROMA NORTE,CUAUHT텘OC
280,SANTA MARIA LA RIBERA,CUAUHT텘OC
281,CUAUHTEMOC,CUAUHT텘OC
282,MORELOS,CUAUHT텘OC
283,GUERRERO,CUAUHT텘OC
284,JUAREZ,CUAUHT텘OC
285,GUERRERO,CUAUHT텘OC
286,GUERRERO,CUAUHT텘OC
287,GUERRERO,CUAUHT텘OC
288,DOCTORES,CUAUHT텘OC
290,CONDESA,CUAUHT텘OC
291,ROMA SUR,CUAUHT텘OC
292,MORELOS,CUAUHT텘OC
294,GUERRERO,CUAUHT텘OC
295,GUERRERO,CUAUHT텘OC
296,MORELOS,CUAUHT텘OC
297,ATLAMPA,CUAUHT텘OC
298,HIPODROMO,CUAUHT텘OC
299,ROMA NORTE,CUAUHT텘OC
300,SANTA MARIA LA RIBERA,CUAUHT텘OC
301,HIPODROMO,CUAUHT텘OC
302,GUERRERO,CUAUHT텘OC
303,MORELOS,CUAUHT텘OC
304,GUERRERO,CUAUHT텘OC
306,SANTA MARIA LA RIBERA,CUAUHT텘OC
307,GUERRERO,CUAUHT텘OC
309,PERALVILLO,CUAUHT텘OC
310,BUENAVISTA,CUAUHT텘OC
311,HIPODROMO DE LA CONDESA,CUAUHT텘OC
312,ROMA NORTE,CUAUHT텘OC
313,DOCTORES,CUAUHT텘OC
314,ROMA NORTE,CUAUHT텘OC
315,JUAREZ,CUAUHT텘OC
316,DOCTORES,CUAUHT텘OC
317,UNIDAD HAB NONOALCO TLATELOLCO,CUAUHT텘OC
318,ATLAMPA,CUAUHT텘OC
319,HIPODROMO,CUAUHT텘OC
320,DOCTORES,CUAUHT텘OC
321,TABACALERA,CUAUHT텘OC
322,SANTA MARIA INSURGENTES,CUAUHT텘OC
323,CENTRO,CUAUHT텘OC
324,SANTA MARIA LA RIBERA,CUAUHT텘OC
326,HIPODROMO,CUAUHT텘OC
327,TABACALERA,CUAUHT텘OC
328,HIPODROMO,CUAUHT텘OC
329,SANTA MARIA LA RIBERA,CUAUHT텘OC
330,JUAREZ,CUAUHT텘OC
331,HIPODROMO,CUAUHT텘OC
333,CENTRO,VENUSTIANO CARRANZA
334,ROMA NORTE,CUAUHT텘OC
335,UNIDAD HAB NONOALCO TLATELOLCO,CUAUHT텘OC
336,ROMA NORTE,CUAUHT텘OC
337,ATLAMPA,CUAUHT텘OC
338,MORELOS,CUAUHT텘OC
339,ROMA SUR,CUAUHT텘OC
340,CENTRO,CUAUHT텘OC
341,ROMA NORTE,CUAUHT텘OC
342,ROMA NORTE,CUAUHT텘OC
343,UNIDAD HAB NONOALCO TLATELOLCO,CUAUHT텘OC
345,HIPODROMO,CUAUHT텘OC
346,CENTRO,CUAUHT텘OC
347,TABACALERA,CUAUHT텘OC
348,GUERRERO,CUAUHT텘OC
351,CENTRO,CUAUHT텘OC
352,CUAUHTEMOC,CUAUHT텘OC
353,SANTA MARIA LA RIBERA,CUAUHT텘OC
354,JUAREZ,CUAUHT텘OC
355,CAPULTITLAN,GUSTAVO A MADERO
356,ACUEDUCTO DE GUADALUPE,GUSTAVO A MADERO
357,NUEVA TENOCHTITLAN,GUSTAVO A MADERO
358,MAGDALENA DE LAS SALINAS,GUSTAVO A MADERO
359,DEFENSORES DE LA REPUBLICA,GUSTAVO A MADERO
362,SAN FELIPE DE JESUS,GUSTAVO A MADERO
363,CAMPESTRE ARAGON,GUSTAVO A MADERO
366,RES ZACATENCO,GUSTAVO A MADERO
367,NUEVA TENOCHTITLAN,GUSTAVO A MADERO
369,VASCO DE QUIROGA,GUSTAVO A MADERO
371,LINDAVISTA,GUSTAVO A MADERO
372,HEROE DE NACOZARI,GUSTAVO A MADERO
374,SAN JUAN DE ARAGON 7MA SECC,GUSTAVO A MADERO
375,INDUSTRIAL,GUSTAVO A MADERO
376,SAN JUAN DE ARAGON 6TA SECC,GUSTAVO A MADERO
377,SALVADOR DIAZ MIRON,GUSTAVO A MADERO
378,SAN JUAN DE ARAGON 2DA SECC,GUSTAVO A MADERO
379,SAN JUAN DE ARAGON 2DA SECC,GUSTAVO A MADERO
380,BONDOJITO,GUSTAVO A MADERO
381,LINDAVISTA,GUSTAVO A MADERO
382,U. PROF. ADOLFO LOPEZ MATEOS,GUSTAVO A MADERO
383,LA PURISIMA TICOMAN,GUSTAVO A MADERO
384,ARAGON,GUSTAVO A MADERO
387,DEFENSORES DE LA REPUBLICA,GUSTAVO A MADERO
388,VALLEJO,GUSTAVO A MADERO
391,LA JOYA,GUSTAVO A MADERO
394,LINDAVISTA,GUSTAVO A MADERO
395,VALLEJO,GUSTAVO A MADERO
396,HEROE DE NACOZARI,GUSTAVO A MADERO
397,NUEVA ATZACOALCO,GUSTAVO A MADERO
398,NUEVA ATZACOALCO,GUSTAVO A MADERO
399,MARTIN CARRERA,GUSTAVO A MADERO
400,ARAGON,GUSTAVO A MADERO
401,LA JOYA,GUSTAVO A MADERO
402,NUEVA ATZACOALCO,GUSTAVO A MADERO
403,SAN FELIPE DE JESUS,GUSTAVO A MADERO
404,LINDAVISTA,GUSTAVO A MADERO
405,LINDAVISTA,GUSTAVO A MADERO
406,RES ZACATENCO,GUSTAVO A MADERO
407,ATZACOALCO,GUSTAVO A MADERO
408,PROVIDENCIA,GUSTAVO A MADERO
409,EL RISCO CTM,GUSTAVO A MADERO
410,LA PRADERA 1RA SECC,GUSTAVO A MADERO
411,SAN JOSE DE LA ESCALERA,GUSTAVO A MADERO
412,TLALPEXCO,GUSTAVO A MADERO
413,SAN JUAN DE ARAGON 7MA SECC,GUSTAVO A MADERO
414,CHALMA DE GUADALUPE,GUSTAVO A MADERO
415,LINDAVISTA,GUSTAVO A MADERO
416,CAPULTITLAN,GUSTAVO A MADERO
417,ATZACOALCO,GUSTAVO A MADERO
418,LA PURISIMA TICOMAN,GUSTAVO A MADERO
419,GERTRUDIS SANCHEZ 2DA SECC,GUSTAVO A MADERO
421,LINDAVISTA,GUSTAVO A MADERO
422,CAMPESTRE ARAGON,GUSTAVO A MADERO
423,15 DE AGOSTO,GUSTAVO A MADERO
424,GUADALUPE INSURGENTES,GUSTAVO A MADERO
425,LA PRADERA 1RA SECC,GUSTAVO A MADERO
426,CERRO PRIETO,GUSTAVO A MADERO
427,NUEVA ATZACOALCO,GUSTAVO A MADERO
428,INDUSTRIAL,GUSTAVO A MADERO
429,COCOYOTES,GUSTAVO A MADERO
431,BOSQUE DE SAN JUAN DE ARAGON,GUSTAVO A MADERO
432,HORNOS DE ARAGON,GUSTAVO A MADERO
433,LA JOYA,GUSTAVO A MADERO
434,SALVADOR DIAZ MIRON,GUSTAVO A MADERO
436,EMILIANO ZAPATA,GUSTAVO A MADERO
437,DEL OBRERO,GUSTAVO A MADERO
438,NUEVA ATZACOALCO,GUSTAVO A MADERO
439,VALLEJO,GUSTAVO A MADERO
441,NUEVA ATZACOALCO,GUSTAVO A MADERO
442,SAN JUAN DE ARAGON 2DA SECC,GUSTAVO A MADERO
444,CAPULTITLAN,GUSTAVO A MADERO
446,SAN FELIPE DE JESUS,GUSTAVO A MADERO
447,SIERRAVISTA,GUSTAVO A MADERO
448,LA LAGUNA TICOMAN,GUSTAVO A MADERO
449,LA JOYA,GUSTAVO A MADERO
451,NUEVA ATZACOALCO,GUSTAVO A MADERO
452,SAN JOSE TICOMAN,GUSTAVO A MADERO
453,LOS REYES,IZTACALCO
454,LOS REYES,IZTACALCO
455,PANTITLAN,IZTACALCO
456,SAN FRANCISCO XICALTONGO,IZTACALCO
457,AGRICOLA ORIENTAL,IZTACALCO
459,AGRICOLA ORIENTAL,IZTACALCO
460,AGUA CALIENTE,IZTACALCO
461,VIADUCTO PIEDAD,IZTACALCO
462,MILITAR MARTE,IZTACALCO
463,PANTITLAN,IZTACALCO
464,SAN PEDRO,IZTACALCO
465,AGRICOLA ORIENTAL,IZTACALCO
466,VIADUCTO PIEDAD,IZTACALCO
467,PANTITLAN,IZTACALCO
468,AGRICOLA ORIENTAL,IZTACALCO
469,AGRICOLA ORIENTAL,IZTACALCO
471,PANTITLAN,IZTACALCO
472,AGRICOLA ORIENTAL,IZTACALCO
473,PANTITLAN,IZTACALCO
474,PANTITLAN,IZTACALCO
475,BENITO JUAREZ,IZTACALCO
476,GABRIEL RAMOS MILLAN,IZTACALCO
477,BARRIO SAN PEDRO,IZTAPALAPA
478,AGRICOLA ORIENTAL,IZTACALCO
480,AGRICOLA ORIENTAL,IZTACALCO
481,PANTITLAN,IZTACALCO
482,IZTACALCO INFONAVIT,IZTACALCO
483,NUEVA SANTA ANITA,IZTACALCO
485,IZTACALCO INFONAVIT,IZTACALCO
486,MILITAR MARTE,IZTACALCO
659,MOCTEZUMA 2DA SECC,VENUSTIANO CARRANZA
660,VENUSTIANO CARRANZA,VENUSTIANO CARRANZA
661,AVIACION CIVIL,VENUSTIANO CARRANZA
663,EL ARENAL 2DA SECC,VENUSTIANO CARRANZA
664,MOCTEZUMA 2DA SECC,VENUSTIANO CARRANZA
665,LORENZO BOTURINI,VENUSTIANO CARRANZA
666,FEDERAL,VENUSTIANO CARRANZA
668,MORELOS,VENUSTIANO CARRANZA
669,JANITZIO,VENUSTIANO CARRANZA
670,MORELOS,VENUSTIANO CARRANZA
671,MORELOS,VENUSTIANO CARRANZA
672,AVIACION CIVIL,VENUSTIANO CARRANZA
673,ALVARO OBREGON,VENUSTIANO CARRANZA
674,DEL PARQUE,VENUSTIANO CARRANZA
675,VALLE GOMEZ,VENUSTIANO CARRANZA
676,LORENZO BOTURINI,VENUSTIANO CARRANZA
677,CARACOL,VENUSTIANO CARRANZA
678,MORELOS,VENUSTIANO CARRANZA
679,MORELOS,VENUSTIANO CARRANZA
681,MORELOS,VENUSTIANO CARRANZA
682,FEDERAL,VENUSTIANO CARRANZA
683,EL ARENAL 3RA SECC,VENUSTIANO CARRANZA
684,MORELOS,VENUSTIANO CARRANZA
685,MOCTEZUMA 2DA SECC,VENUSTIANO CARRANZA
686,PENSADOR MEXICANO,VENUSTIANO CARRANZA
687,DAMIAN CARMONA,VENUSTIANO CARRANZA
688,MICHOACANA,VENUSTIANO CARRANZA
689,PE헲N DE LOS BA헲S,VENUSTIANO CARRANZA
691,JANITZIO,VENUSTIANO CARRANZA
692,PAULINO NAVARRO,CUAUHT텘OC
487,ZONA URB STA MARTHA ACATITLA NORTE,IZTAPALAPA
488,UNIDAD HAB SANTA CRUZ MEYEHUALCO,IZTAPALAPA
489,CERRO DE LA ESTRELLA,IZTAPALAPA
491,PUEBLO SAN SEBASTIAN TECOLOXTITLAN,IZTAPALAPA
492,EL RODEO,IZTAPALAPA
497,PRESIDENTES DE MEXICO,IZTAPALAPA
498,VERGEL,IZTAPALAPA
499,PARAJE SAN JUAN,IZTAPALAPA
500,CHINAMPAC DE JUAREZ,IZTAPALAPA
501,UNIDAD HAB VICENTE GUERRERO,IZTAPALAPA
502,SANTA MARIA AZTAHUACAN,IZTAPALAPA
503,UNIDAD HAB CABEZA DE JUAREZ,IZTAPALAPA
504,UNIDAD HAB SANTA CRUZ MEYEHUALCO,IZTAPALAPA
505,UNIDAD HAB VICENTE GUERRERO,IZTAPALAPA
506,DESARROLLO URBANO QUETZALCOATL,IZTAPALAPA
507,EL EDEN,IZTAPALAPA
508,UNID HAB EJERC DE OTE ZONA PE헲N,IZTAPALAPA
509,UNIDAD HAB LA COLMENA,IZTAPALAPA
510,PUEBLO SANTA CRUZ MEYEHUALCO,IZTAPALAPA
511,SECTOR POPULAR,IZTAPALAPA
512,UNIDAD HAB EJERCITO DE ORIENTE,IZTAPALAPA
513,BARRIO TULA CULHUACAN,IZTAPALAPA
514,CONGRESO AGRARISTA MEXICANO,IZTAPALAPA
516,ZONA URB STA MARTHA ACATITLA NORTE,IZTAPALAPA
517,UNIDAD HAB SANTA CRUZ MEYEHUALCO,IZTAPALAPA
518,UNIDAD HAB CABEZA DE JUAREZ,IZTAPALAPA
519,EL EDEN,IZTAPALAPA
521,SANTA MARIA AZTAHUACAN,IZTAPALAPA
522,PUEBLO SANTA CRUZ MEYEHUALCO,IZTAPALAPA
523,Z URB EJ STA MARIA AZTAHUACAN,IZTAPALAPA
524,UNID HAB EJERC DE OTE ZONA PE헲N,IZTAPALAPA
525,UNIDAD HAB CABEZA DE JUAREZ,IZTAPALAPA
526,PUEBLO SAN SEBASTIAN TECOLOXTITLAN,IZTAPALAPA
527,SOLIDARIDAD,IZTAPALAPA
528,FRANCISCO VILLA,IZTAPALAPA
529,Z URB EJ STA MARIA AZTAHUACAN,IZTAPALAPA
530,ZACAHUITZCO,IZTAPALAPA
531,LA ESPERANZA,IZTAPALAPA
532,EL MOLINO TEZONCO,IZTAPALAPA
533,UNIDAD MODELO,IZTAPALAPA
534,CONGRESO AGRARISTA MEXICANO,IZTAPALAPA
535,SIFON,IZTAPALAPA
536,PUEBLO SAN LORENZO TEZONCO,IZTAPALAPA
537,TEPALCATES,IZTAPALAPA
538,UNIDAD HAB VICENTE GUERRERO,IZTAPALAPA
539,ACULCO,IZTAPALAPA
540,GUADALUPE DEL MORAL,IZTAPALAPA
541,HEROES DE CHURUBUSCO,IZTAPALAPA
542,GRANJAS SAN ANTONIO,IZTAPALAPA
588,AMPL SELENE,TL첻UAC
589,SANTA ANA SUR,TL첻UAC
591,SELENE 2A SECCION,TL첻UAC
592,AMPL SELENE,TL첻UAC
593,MIGUEL HIDALGO,TL첻UAC
594,MIGUEL HIDALGO,TL첻UAC
595,MIGUEL HIDALGO,TL첻UAC
596,SAN NICOLAS TETELCO,TL첻UAC
597,MIGUEL HIDALGO,TL첻UAC
598,BARRIO LA ASUNCION,TL첻UAC
599,BARRIO LOS REYES,TL첻UAC
600,SANTA ANA PONIENTE,TL첻UAC
601,SELENE 2A SECCION,TL첻UAC
602,DEL MAR,TL첻UAC
603,SANTA CRUZ MIXQUIC,TL첻UAC
605,BARRIO SAN BARTOLO MIXQUIC,TL첻UAC
693,SAN GREGORIO ATLAPULCO,XOCHIMILCO
694,VASO DE REGULACION,XOCHIMILCO
1,OLIVAR DEL CONDE 1RA SECC,첿VARO OBREG흁
2,BARRIO NORTE,첿VARO OBREG흁
4,UNIDAD HAB SANTA FE IMSS,첿VARO OBREG흁
5,ALVARO OBREGON,VENUSTIANO CARRANZA
6,COLINAS DEL SUR,첿VARO OBREG흁
7,SANTA MARIA NONOALCO,첿VARO OBREG흁
8,MINAS DE CRISTO,첿VARO OBREG흁
9,ESTADO DE HIDALGO,첿VARO OBREG흁
10,EL POLITACO,첿VARO OBREG흁
11,MARIA G DE GARCIA RUIZ,첿VARO OBREG흁
12,SANTA MARIA NONOALCO,첿VARO OBREG흁
13,CAROLA,첿VARO OBREG흁
15,AMPL LAS GOLONDRINAS,첿VARO OBREG흁
16,LOMAS DE PLATEROS,첿VARO OBREG흁
17,CAROLA,첿VARO OBREG흁
18,AMPL PRESIDENTES,첿VARO OBREG흁
19,MERCED GOMEZ,첿VARO OBREG흁
20,HIDALGO,첿VARO OBREG흁
21,COLINAS DEL SUR,첿VARO OBREG흁
22,ALFONSO XIII,첿VARO OBREG흁
23,LOMAS DE LA HERA,첿VARO OBREG흁
24,REACOMODO LOMAS DE SANTO DOMINGO,첿VARO OBREG흁
25,BELLAVISTA,첿VARO OBREG흁
26,RANCHO SAN FRANCISCO,첿VARO OBREG흁
27,GALEANA,첿VARO OBREG흁
28,UNIDAD HAB TLATILCO,AZCAPOTZALCO
29,NUEVA SANTA MARIA,AZCAPOTZALCO
30,ANGEL ZIMBRON,AZCAPOTZALCO
31,EL ARENAL,AZCAPOTZALCO
32,ALDANA,AZCAPOTZALCO
33,LIBERACION,AZCAPOTZALCO
34,EL ARENAL,AZCAPOTZALCO
36,SANTA BARBARA,AZCAPOTZALCO
37,CLAVERIA,AZCAPOTZALCO
38,VILLA AZCAPOTZALCO,AZCAPOTZALCO
39,SANTIAGO AHUIZOTLA,AZCAPOTZALCO
40,BARRIO SAN ANDRES,AZCAPOTZALCO
268,SAN LORENZO ACOPILCO,CUAJIMALPA DE MORELOS
269,CUAJIMALPA,CUAJIMALPA DE MORELOS
543,PUEBLO SAN BERNABE OCOTEPEC,LA MAGDALENA CONTRERAS
545,MILITAR 1 K LOMAS DE SOTELO,MIGUEL HIDALGO
546,LOMAS DE CHAPULTEPEC,MIGUEL HIDALGO
547,SAN MIGUEL CHAPULTEPEC,MIGUEL HIDALGO
550,LOMAS DE REFORMA,MIGUEL HIDALGO
551,LOMAS DE CHAPULTEPEC,MIGUEL HIDALGO
552,DANIEL GARZA,MIGUEL HIDALGO
555,CHAPULTEPEC MORALES,MIGUEL HIDALGO
556,CHAPULTEPEC MORALES,MIGUEL HIDALGO
557,CUAUHTEMOC PENSIL,MIGUEL HIDALGO
559,PENSIL SUR,MIGUEL HIDALGO
560,LOMAS DE CHAPULTEPEC,MIGUEL HIDALGO
561,NUEVA ANZURES,MIGUEL HIDALGO
562,LOS MORALES,MIGUEL HIDALGO
563,CHAPULTEPEC MORALES,MIGUEL HIDALGO
565,CHAPULTEPEC MORALES,MIGUEL HIDALGO
566,LOMAS DE VIRREYES,MIGUEL HIDALGO
567,PENSIL SUR,MIGUEL HIDALGO
568,ESCANDON,MIGUEL HIDALGO
569,ESCANDON,MIGUEL HIDALGO
570,LOMAS DE CHAPULTEPEC,MIGUEL HIDALGO
571,ESCANDON,MIGUEL HIDALGO
572,ESCANDON,MIGUEL HIDALGO
573,CHAPULTEPEC MORALES,MIGUEL HIDALGO
574,BOSQUES DE CHAPULTEPEC,MIGUEL HIDALGO
575,CHAPULTEPEC MORALES,MIGUEL HIDALGO
576,REFORMA PENSIL,MIGUEL HIDALGO
577,FRANCISCO I MADERO,MIGUEL HIDALGO
578,CHAPULTEPEC MORALES,MIGUEL HIDALGO
579,POPOTLA,MIGUEL HIDALGO
581,REFORMA PENSIL,MIGUEL HIDALGO
582,REFORMA SOCIAL,MIGUEL HIDALGO
583,POLANCO CHAPULTEPEC,MIGUEL HIDALGO
584,AMERICA,MIGUEL HIDALGO
585,ESCANDON,MIGUEL HIDALGO
586,LOMAS DE CHAPULTEPEC,MIGUEL HIDALGO
587,ANAHUAC,MIGUEL HIDALGO
41,GRAL PEDRO MARIA ANAYA,BENITO JUREZ
42,DEL VALLE CENTRO,BENITO JUREZ
43,GRAL PEDRO MARIA ANAYA,BENITO JUREZ
44,VERTIZ NARVARTE,BENITO JUREZ
45,PORTALES NORTE,BENITO JUREZ
46,DEL VALLE SUR,BENITO JUREZ
47,PORTALES NORTE,BENITO JUREZ
48,TLACOQUEMECATL,BENITO JUREZ
49,CREDITO CONSTRUCTOR,BENITO JUREZ
50,DEL VALLE SUR,BENITO JUREZ
51,DEL VALLE CENTRO,BENITO JUREZ
52,INSURGENTES MIXCOAC,BENITO JUREZ
53,PORTALES NORTE,BENITO JUREZ
54,PORTALES ORIENTE,BENITO JUREZ
55,PORTALES SUR,BENITO JUREZ
56,DEL VALLE,BENITO JUREZ
57,ACTIPAN,BENITO JUREZ
58,EXTREMADURA INSURGENTES,BENITO JUREZ
59,SAN PEDRO DE LOS PINOS,BENITO JUREZ
60,PORTALES NORTE,BENITO JUREZ
61,PORTALES ORIENTE,BENITO JUREZ
62,NONOALCO,BENITO JUREZ
63,NONOALCO,BENITO JUREZ
64,DEL VALLE,BENITO JUREZ
65,DEL VALLE CENTRO,BENITO JUREZ
66,SAN PEDRO DE LOS PINOS,BENITO JUREZ
69,DEL VALLE CENTRO,BENITO JUREZ
70,DEL VALLE SUR,BENITO JUREZ
71,SAN PEDRO DE LOS PINOS,BENITO JUREZ
72,CIUDAD DE LOS DEPORTES,BENITO JUREZ
75,SAN PEDRO DE LOS PINOS,BENITO JUREZ
76,ACTIPAN,BENITO JUREZ
77,ALAMOS,BENITO JUREZ
78,DEL VALLE SUR,BENITO JUREZ
79,NARVARTE ORIENTE,BENITO JUREZ
81,NAPOLES,BENITO JUREZ
82,NAPOLES,BENITO JUREZ
83,TLACOQUEMECATL,BENITO JUREZ
84,TLACOQUEMECATL,BENITO JUREZ
85,DEL VALLE SUR,BENITO JUREZ
86,NARVARTE ORIENTE,BENITO JUREZ
87,SAN JUAN,BENITO JUREZ
88,DEL VALLE CENTRO,BENITO JUREZ
89,DEL VALLE,BENITO JUREZ
90,DEL VALLE SUR,BENITO JUREZ
91,PORTALES NORTE,BENITO JUREZ
92,SAN PEDRO DE LOS PINOS,BENITO JUREZ
93,NARVARTE ORIENTE,BENITO JUREZ
94,PORTALES ORIENTE,BENITO JUREZ
95,INDEPENDENCIA,BENITO JUREZ
96,NAPOLES,BENITO JUREZ
97,NAPOLES,BENITO JUREZ
98,PORTALES NORTE,BENITO JUREZ
100,AMPL NAPOLES,BENITO JUREZ
101,PORTALES SUR,BENITO JUREZ
102,CREDITO CONSTRUCTOR,BENITO JUREZ
103,PORTALES NORTE,BENITO JUREZ
104,SAN ALVARO,AZCAPOTZALCO
105,DEL VALLE SUR,BENITO JUREZ
106,NARVARTE PONIENTE,BENITO JUREZ
107,PIEDAD NARVARTE,BENITO JUREZ
108,DEL VALLE CENTRO,BENITO JUREZ
109,DEL VALLE CENTRO,BENITO JUREZ
110,DEL VALLE CENTRO,BENITO JUREZ
111,DEL VALLE SUR,BENITO JUREZ
112,PORTALES SUR,BENITO JUREZ
113,DEL VALLE SUR,BENITO JUREZ
114,NONOALCO,BENITO JUREZ
115,NARVARTE PONIENTE,BENITO JUREZ
116,CREDITO CONSTRUCTOR,BENITO JUREZ
117,NATIVITAS,BENITO JUREZ
118,INSURGENTES MIXCOAC,BENITO JUREZ
119,MIXCOAC,BENITO JUREZ
121,DEL VALLE SUR,BENITO JUREZ
123,DEL VALLE SUR,BENITO JUREZ
124,PIEDAD NARVARTE,BENITO JUREZ
125,NARVARTE ORIENTE,BENITO JUREZ
126,SANTA CRUZ ATOYAC,BENITO JUREZ
127,NAPOLES,BENITO JUREZ
128,DEL VALLE CENTRO,BENITO JUREZ
129,MERCED GOMEZ,BENITO JUREZ
130,ZACAHUITZCO,BENITO JUREZ
132,NARVARTE ORIENTE,BENITO JUREZ
133,SANTA CRUZ ATOYAC,BENITO JUREZ
134,PIEDAD NARVARTE,BENITO JUREZ
135,GUADALUPE INN,첿VARO OBREG흁
136,PORTALES SUR,BENITO JUREZ
139,DEL VALLE CENTRO,BENITO JUREZ
140,DEL VALLE,BENITO JUREZ
141,DEL VALLE CENTRO,BENITO JUREZ
142,DEL VALLE CENTRO,BENITO JUREZ
143,DEL VALLE CENTRO,BENITO JUREZ
144,DEL VALLE CENTRO,BENITO JUREZ
145,SAN PEDRO DE LOS PINOS,BENITO JUREZ
147,PORTALES SUR,BENITO JUREZ
148,TLACOQUEMECATL,BENITO JUREZ
149,SANTA CRUZ ATOYAC,BENITO JUREZ
150,MODERNA,BENITO JUREZ
151,PORTALES SUR,BENITO JUREZ
152,GRAL PEDRO MARIA ANAYA,BENITO JUREZ
153,NAPOLES,BENITO JUREZ
154,ACACIAS,BENITO JUREZ
155,ACACIAS,BENITO JUREZ
156,DEL VALLE,BENITO JUREZ
157,DEL VALLE,BENITO JUREZ
158,NAPOLES,BENITO JUREZ
159,DEL VALLE,BENITO JUREZ
160,NARVARTE ORIENTE,BENITO JUREZ
161,PORTALES SUR,BENITO JUREZ
162,DEL VALLE CENTRO,BENITO JUREZ
163,DEL VALLE,BENITO JUREZ
164,PORTALES SUR,BENITO JUREZ
165,GRAL PEDRO MARIA ANAYA,BENITO JUREZ
166,NI헲S HEROES DE CHAPULTEPEC,BENITO JUREZ
167,NATIVITAS,BENITO JUREZ
168,DEL VALLE SUR,BENITO JUREZ
169,SAN PEDRO DE LOS PINOS,BENITO JUREZ
170,UNIDAD HAB BENITO JUAREZ,IZTAPALAPA
171,NARVARTE ORIENTE,BENITO JUREZ
172,PORTALES SUR,BENITO JUREZ
173,NAPOLES,BENITO JUREZ
174,ALAMOS,BENITO JUREZ
175,NARVARTE PONIENTE,BENITO JUREZ
176,DEL VALLE,BENITO JUREZ
177,ACACIAS,BENITO JUREZ
178,INDEPENDENCIA,BENITO JUREZ
179,NAPOLES,BENITO JUREZ
180,ROMA SUR,CUAUHT텘OC
181,NAPOLES,BENITO JUREZ
182,SAN PEDRO DE LOS PINOS,BENITO JUREZ
183,SANTA CRUZ ATOYAC,BENITO JUREZ
184,DEL VALLE,BENITO JUREZ
186,LETRAN VALLE,BENITO JUREZ
187,SAN JOSE INSURGENTES,BENITO JUREZ
188,MODERNA,BENITO JUREZ
189,NARVARTE PONIENTE,BENITO JUREZ
190,CIUDAD DE LOS DEPORTES,BENITO JUREZ
191,SANTA CRUZ ATOYAC,BENITO JUREZ
192,PORTALES NORTE,BENITO JUREZ
193,INDEPENDENCIA,BENITO JUREZ
194,ROMA SUR,CUAUHT텘OC
195,MIRAVALLE,BENITO JUREZ
196,DEL VALLE CENTRO,BENITO JUREZ
198,TLACOQUEMECATL,BENITO JUREZ
199,DEL VALLE,BENITO JUREZ
201,PRADO CHURUBUSCO,COYOAC쳁
202,ESPARTACO,COYOAC쳁
204,CAMPESTRE CHURUBUSCO,COYOAC쳁
205,CAMPESTRE CHURUBUSCO,COYOAC쳁
206,PEDREGAL SANTA URSULA,COYOAC쳁
207,FLORIDA,첿VARO OBREG흁
208,PEDREGAL DE SANTO DOMINGO,COYOAC쳁
209,PASEOS DE TAXQUE헤,COYOAC쳁
210,UNIDAD HAB PILOTO CULHUACAN,COYOAC쳁
211,PEDREGAL SANTA URSULA,COYOAC쳁
213,CAMPESTRE CHURUBUSCO,COYOAC쳁
214,PASEOS DE TAXQUE헤,COYOAC쳁
215,DEL BOSQUE,MIGUEL HIDALGO
216,PUEBLO DE LOS REYES,COYOAC쳁
217,CAMPESTRE CHURUBUSCO,COYOAC쳁
218,AMPL SAN FRANCISCO CULHUACAN,COYOAC쳁
219,CAMPESTRE CHURUBUSCO,COYOAC쳁
220,FRACC INSURGENTES CUICUILCO,COYOAC쳁
221,LOS GIRASOLES III,COYOAC쳁
223,LOS GIRASOLES II,COYOAC쳁
224,LOS GIRASOLES II,COYOAC쳁
225,EL CENTINELA,COYOAC쳁
226,FRACC VILLA QUIETUD,COYOAC쳁
227,UNID OBRERO CTM CULHUACAN SECC 8,COYOAC쳁
228,DEL CARMEN,COYOAC쳁
229,BARRIO DEL NI헲 JESUS,COYOAC쳁
230,PASEOS DE TAXQUE헤,COYOAC쳁
231,CHIMALISTAC,첿VARO OBREG흁
232,PEDREGAL DE SANTO DOMINGO,COYOAC쳁
233,PEDREGAL DE SANTO DOMINGO,COYOAC쳁
234,UNIDAD HAB SANTA MARTHA DEL SUR,COYOAC쳁
235,BARRIO LA CONCEPCION,COYOAC쳁
236,AVANTE,COYOAC쳁
237,SAN FRANCISCO CULHUACAN,COYOAC쳁
238,CHURUBUSCO,COYOAC쳁
239,CONDS PARA EMPLEADOS FEDERALES,COYOAC쳁
240,HACIENDA DE COYOACAN,COYOAC쳁
241,FRACC INSURGENTES CUICUILCO,COYOAC쳁
242,PETROLERA TAXQUE헤,COYOAC쳁
243,PARQUE SAN ANDRES,COYOAC쳁
244,CAMPESTRE CHURUBUSCO,COYOAC쳁
245,CIUDAD UNIVERSITARIA,COYOAC쳁
246,SAN MATEO,COYOAC쳁
248,UNID OBRERO CTM CULHUACAN SECC 7A,COYOAC쳁
249,LOS ROBLES,COYOAC쳁
250,UNIDAD HAB OBRERO CTM CULHUACAN 6,COYOAC쳁
251,UNIDAD HAB EMILIANO ZAPATA,COYOAC쳁
252,ROMERO DE TERREROS,COYOAC쳁
253,CTM IXA CULHUACAN,COYOAC쳁
255,CAMPESTRE CHURUBUSCO,COYOAC쳁
256,DEL CARMEN,COYOAC쳁
257,CAMPESTRE CHURUBUSCO,COYOAC쳁
258,XOTEPINGO,COYOAC쳁
259,CTM IXA CULHUACAN,COYOAC쳁
260,PASEOS DE TAXQUE헤,COYOAC쳁
261,VILLA COYOACAN,COYOAC쳁
262,PASEOS DE TAXQUE헤,COYOAC쳁
263,VILLA COYOACAN,COYOAC쳁
264,LAS CAMPANAS,COYOAC쳁
265,EMILIANO ZAPATA,COYOAC쳁
266,UNIDAD HAB EMILIANO ZAPATA,COYOAC쳁
608,TORIELLO GUERRA,TLALPAN
609,RESIDENCIAL VILLA COAPA SUPER MANZANA 8,TLALPAN
610,PRADO COAPA 2DA SECC,TLALPAN
611,LA JOYA,TLALPAN
612,SAN MIGUEL TOPILEJO,TLALPAN
613,CHIMALCOYOTL,TLALPAN
614,CONDOMINIO TRES FUENTES,TLALPAN
615,VILLA LAZARO CARDENAS,TLALPAN
616,LOMAS DE PADIERNA,TLALPAN
618,SAN LORENZO HUIPULCO,TLALPAN
619,SAN NICOLAS II,TLALPAN
620,RESIDENCIAL VILLA COAPA SUPER MANZANA 4,TLALPAN
621,VILLA TLALPAN,TLALPAN
622,BARRIO NI헲 JESUS,TLALPAN
623,NUEVA ORIENTAL COAPA,TLALPAN
625,PLAN DE AYALA,XOCHIMILCO
626,VILLA TLALPAN,TLALPAN
627,FRACC RES ACOXPA,TLALPAN
628,FRACC RES ACOXPA,TLALPAN
629,FRACC RES ACOXPA,TLALPAN
630,TLALPAN CENTRO I,TLALPAN
631,MAGDALENA PETLACALCO,TLALPAN
632,RES MIRAMONTES,TLALPAN
634,PARQUE NACIONAL FUENTES BROTANTES,TLALPAN
635,VISTAS DEL PEDREGAL,TLALPAN
636,PARQUE NACIONAL FUENTES BROTANTES,TLALPAN
637,UNIDAD HAB PEMEX,TLALPAN
638,NUEVA ORIENTAL COAPA,TLALPAN
639,FUENTES DEL PEDREGAL,TLALPAN
640,TLALPAN CENTRO II,TLALPAN
641,FRACC RES ACOXPA,TLALPAN
642,VILLA TLALPAN,TLALPAN
643,CONDOMINIO TRES FUENTES,TLALPAN
644,SAN LORENZO HUIPULCO,TLALPAN
645,TLALPAN CENTRO I,TLALPAN
646,PUEBLO QUIETO,TLALPAN
647,UNIDAD HAB ISSFAM,TLALPAN
648,PRADO COAPA 2DA SECC,TLALPAN
649,FUENTES DEL PEDREGAL,TLALPAN
650,RESIDENCIAL VILLA COAPA SUPER MANZANA 4,TLALPAN
651,NUEVA ORIENTAL COAPA,TLALPAN
652,REAL DEL SUR,TLALPAN
653,PEDREGAL DE SAN NICOLAS 4TA SECC,TLALPAN
654,ARENAL DE GUADALUPE,TLALPAN
655,GRANJAS COAPA,TLALPAN
656,GRANJAS COAPA,TLALPAN
657,LOMAS DE PADIERNA,TLALPAN
658,VILLA COAPA,TLALPAN
